TICKER,DATE,CLOSE,OPEN,HIGH,LOW,VOLUME
VN30-IDX,20171106,844.73,842.91,845.67,839.88,60376564
VN30-IDX,20171105,840.04,828.44,840.04,826.59,60825770
VN30-IDX,20171104,827.66,835.36,843.34,826.71,56179880
VN30-IDX,20171103,835.38,832.1,835.44,831.63,58160353
VN30-IDX,20171102,831.62,836.65,839.79,829.72,52491370
VN30-IDX,20171101,837.52,835.33,841.32,835.33,66275970
VN30-IDX,20171031,834.91,823.16,834.91,820.16,42785489
VN30-IDX,20171030,822.53,820.01,825.9,815.16,48028979
VN30-IDX,20171029,821.45,816.05,821.61,812.98,62323245
VN30-IDX,20171028,815.24,807.6,815.24,804.43,64260560
VN30-IDX,20171027,809.36,811.49,813.23,806.58,54567200
VN30-IDX,20171026,813.99,816.99,821.54,813.38,61592236
VN30-IDX,20171025,817.39,817.62,821.08,815.29,54302416
VN30-IDX,20171024,816.84,819.36,821.29,815.06,65566265
VN30-IDX,20171023,818.48,811.73,818.48,811.24,53015730
VN30-IDX,20171022,811.85,815.27,817.72,811.39,49243495
VN30-IDX,20171021,815.47,807.9,815.47,807.45,38306070
VN30-IDX,20171020,809.6,807.63,813.21,806.65,46041720
VN30-IDX,20171019,806.83,804.84,810.12,804.48,57085952
VN30-IDX,20171018,805.3,800.23,805.3,798.63,41993820
VN30-IDX,20171017,801.49,802.89,803.23,798.96,42859900
VN30-IDX,20171016,800.42,797.82,800.73,796.23,39451130
VN30-IDX,20171015,797.42,797.41,801.36,796.71,55222660
VN30-IDX,20171014,795.76,786.17,795.76,786.12,33182630
VN30-IDX,20171013,787.02,791.71,793.19,785.1,42148370
VN30-IDX,20171012,790.7,793.64,796.03,790.37,40122249
VN30-IDX,20171011,792.72,791.4,797.26,791.4,41792428
VN30-IDX,20171010,790.75,788.15,795.95,788.15,64702439
VN30-IDX,20171009,788.31,788.02,791.43,787.61,39535620
VN30-IDX,20171008,791.05,791.03,791.05,785.24,52522540
VN30-IDX,20171007,789.89,789.81,791.16,785.69,39702290
VN30-IDX,20171006,789.7,786.51,791.65,785.99,41383824
VN30-IDX,20171005,786.41,790.46,791,786,40684150
VN30-IDX,20171004,790.48,793.93,793.98,789.43,37534090
VN30-IDX,20171003,792.68,794.15,797.54,792.68,47163353
VN30-IDX,20171002,793.7,792.16,795.32,789.83,47041020
VN30-IDX,20171001,789.49,786.22,789.88,784.49,55159133
VN30-IDX,20170930,789.41,786.82,793.16,786.82,50018990
VN30-IDX,20170929,786.43,785.46,786.96,783.56,41147820
VN30-IDX,20170928,782.54,777.55,783.58,775.81,44574497
VN30-IDX,20170927,779.58,785.06,789.53,779.58,42957350
VN30-IDX,20170926,784.74,780.62,786.85,780.18,38650890
VN30-IDX,20170925,779.2,777.16,780.54,776,43800790
VN30-IDX,20170924,776.97,776.87,777.99,772.63,40692560
VN30-IDX,20170923,777.02,775.28,778.71,771.68,39811180
VN30-IDX,20170922,774.06,770.97,774.76,770.39,38755420
VN30-IDX,20170921,770.08,765.47,772.91,764.22,55318580
VN30-IDX,20170920,764.57,756.49,764.57,755.32,36302490
VN30-IDX,20170919,754.59,757.84,758.76,754.59,47014640
VN30-IDX,20170918,758.02,751.59,758.02,749.2,52888505
VN30-IDX,20170917,751.14,746.87,751.14,746.87,35046040
VN30-IDX,20170916,747.72,743.23,749.82,742.34,36778910
VN30-IDX,20170915,743.1,739.46,743.1,736.71,29879400
VN30-IDX,20170914,738.2,743.86,743.86,736.88,33121000
VN30-IDX,20170913,743.66,744.23,744.96,741.68,32651580
VN30-IDX,20170912,744.3,739.31,745.91,738.33,36151825
VN30-IDX,20170911,743.2,749.35,750.58,743.2,49411647
VN30-IDX,20170910,749.37,745.66,749.37,741.57,46529548
VN30-IDX,20170909,746.07,752.13,752.25,744.93,37240170
VN30-IDX,20170908,751.39,744.72,751.39,744.45,43742992
VN30-IDX,20170907,744.99,742.18,746.42,739.3,49086040
VN30-IDX,20170906,743.42,737.72,745.34,737.72,42161540
VN30-IDX,20170905,741.36,755.32,755.32,741.36,73871844
VN30-IDX,20170904,758.42,764.7,764.7,757.47,49415730
VN30-IDX,20170903,763.08,762.13,766.12,761.2,47426510
VN30-IDX,20170902,761.44,757.79,761.44,757.79,50765038
VN30-IDX,20170901,757.88,755.7,761.17,755.7,64675565
VN30-IDX,20170831,756.04,753.85,759.52,750.75,63106700
VN30-IDX,20170830,758.36,755.5,758.81,754.64,55288900
VN30-IDX,20170829,756.24,748.88,756.24,747.61,71988890
VN30-IDX,20170828,749.86,742.77,749.86,742.2,54910350
VN30-IDX,20170827,743.7,744.5,747.08,741.96,36267820
VN30-IDX,20170826,745.79,739.68,745.84,736.34,48498496
VN30-IDX,20170825,737.93,727.79,737.93,727.79,40084624
VN30-IDX,20170824,729.54,727.57,730.86,723.45,36933938
VN30-IDX,20170823,728.47,737.37,739.48,728.47,47178617
VN30-IDX,20170822,736.64,735.45,736.64,732.08,51008480
VN30-IDX,20170821,737.77,745.44,745.73,737.77,61791560
VN30-IDX,20170820,741.32,739.25,743,733.6,72732450
VN30-IDX,20170819,745.59,758.53,758.74,741.66,83823370
VN30-IDX,20170818,759.97,762.77,764.53,759.01,49885800
VN30-IDX,20170817,761.36,759.8,761.36,755.81,51383180
VN30-IDX,20170816,757.57,756.08,758.72,752.27,52806280
VN30-IDX,20170815,752.75,750.4,753.2,743.13,66593330
VN30-IDX,20170814,750.79,761.69,761.69,748.06,68295435
VN30-IDX,20170813,761.61,771.89,771.98,761.61,83673170
VN30-IDX,20170812,770.58,768.8,771.13,768.37,67410770
VN30-IDX,20170811,765.87,764.91,765.87,761.28,52664140
VN30-IDX,20170810,763.92,765.88,767.28,760.9,82944580
VN30-IDX,20170809,765.8,765.52,770.56,765.52,69746950
VN30-IDX,20170808,765.41,763.63,766.29,763,72270856
VN30-IDX,20170807,761.21,759.13,763.14,758.94,54179800
VN30-IDX,20170806,757.1,754.16,757.1,751.2,55477750
VN30-IDX,20170805,755.07,761.96,761.96,754.23,71710620
VN30-IDX,20170804,760.8,759.9,762.27,757.98,56880670
VN30-IDX,20170803,758.24,757.44,758.98,752.69,77588340
VN30-IDX,20170802,757.94,759.65,761.62,757.13,75886230
VN30-IDX,20170801,759.84,758.49,759.84,749.47,96626750
VN30-IDX,20170731,759.67,759.73,761.04,756.77,73839836
VN30-IDX,20170730,757.5,754.03,757.5,753.36,71437510
VN30-IDX,20170729,750.07,751.5,751.5,748.08,101900600
VN30-IDX,20170728,746.59,746.87,750.71,744.58,72414940
VN30-IDX,20170727,745.53,744.42,748.04,743.67,81100480
VN30-IDX,20170726,741.39,737.03,741.39,734.53,71036088
VN30-IDX,20170725,736.86,740.65,742,735.26,51307620
VN30-IDX,20170724,740.2,738.47,743.9,738.47,57558985
VN30-IDX,20170723,737.52,737.75,740.25,734.03,76643851
VN30-IDX,20170722,737.18,736.17,739.51,734.95,71098340
VN30-IDX,20170721,732.69,722.59,732.69,722.59,72367040
VN30-IDX,20170720,721.74,719.05,724.35,719.05,100566031
VN30-IDX,20170719,718.33,720.39,720.75,715.7,46609735
VN30-IDX,20170718,719.76,713.63,719.76,713.63,46914190
VN30-IDX,20170717,713.43,712.02,719.32,709.73,74944720
VN30-IDX,20170716,711.48,722.82,723.54,711.48,77080410
VN30-IDX,20170715,722.26,723.27,725.2,721.92,71976210
VN30-IDX,20170714,718.87,716.24,719.36,716.07,54939635
VN30-IDX,20170713,716.4,718.42,722.06,715.78,72834895
VN30-IDX,20170712,718.28,710.81,719.59,710.27,81723210
VN30-IDX,20170711,708.62,711.96,713.7,708.11,65612212
VN30-IDX,20170710,710.86,707.27,715.28,706.84,96339780
VN30-IDX,20170709,702.03,696.66,702.03,695.53,61716370
VN30-IDX,20170708,695.3,693.93,701.28,693.92,65265946
VN30-IDX,20170707,696.37,692.95,697.47,691.06,48557300
VN30-IDX,20170706,692.91,695.86,698.67,692.91,77798890
VN30-IDX,20170705,695.22,691.33,696.86,691.33,61190810
VN30-IDX,20170704,690.84,691.46,693.85,690.29,53644285
VN30-IDX,20170703,691.02,692.13,693.19,689.69,80984890
VN30-IDX,20170702,690.53,689.07,695.66,689.07,64751520
VN30-IDX,20170701,688.08,680.42,688.08,680.34,82028620
VN30-IDX,20170630,681.11,683.15,684.17,681.06,72766965
VN30-IDX,20170629,684.17,684.95,687.41,684.09,57666344
VN30-IDX,20170628,686.29,684.8,688.75,683.44,72084620
VN30-IDX,20170627,684.99,681.7,684.99,680.95,56671814
VN30-IDX,20170626,680.49,678.59,683.14,677.21,67754470
VN30-IDX,20170625,681.36,673.67,682.41,673.67,59560642
VN30-IDX,20170624,673.53,669.12,673.53,667.96,39379740
VN30-IDX,20170623,668.58,667.96,670.32,665.66,34409270
VN30-IDX,20170622,667.08,671.8,673.13,667.08,53386820
VN30-IDX,20170621,672.6,676.35,677.83,671.95,91887296
VN30-IDX,20170620,674.3,679.43,679.7,674.3,37002663
VN30-IDX,20170619,679.69,675.67,679.69,675.12,41674860
VN30-IDX,20170618,675.71,669.67,675.71,665.35,60731951
VN30-IDX,20170617,669.31,680.27,683.48,669.31,52530510
VN30-IDX,20170616,678.45,686.45,686.45,674.94,64822700
VN30-IDX,20170615,687.72,692.5,693.81,687.72,63624097
VN30-IDX,20170614,692.4,697.92,698.87,689.77,84638983
VN30-IDX,20170613,697.93,696.78,699.4,696.71,68893791
VN30-IDX,20170612,696.72,698.49,699.86,696.66,54521740
VN30-IDX,20170611,697.62,687.09,697.62,685.63,113022465
VN30-IDX,20170610,691.07,697.99,698.88,691.07,77492315
VN30-IDX,20170609,699.07,699.35,702.05,698.49,76417240
VN30-IDX,20170608,696.73,693.42,697.32,693.42,72477028
VN30-IDX,20170607,693.22,693.56,696.97,693.01,65381570
VN30-IDX,20170606,692.5,692.11,696.93,692.11,82673630
VN30-IDX,20170605,689.91,688.57,689.91,685.69,74664815
VN30-IDX,20170604,688.31,693.91,695.04,687.41,78941345
VN30-IDX,20170603,693.49,692.82,695.53,691.38,90356160
VN30-IDX,20170602,691.76,692.52,696.22,689.95,102613616
VN30-IDX,20170601,689.32,677.07,689.32,677.07,74215690
VN30-IDX,20170531,677.96,679.78,685.9,677.96,97102459
VN30-IDX,20170530,679.69,677.14,682.28,677.14,83654215
VN30-IDX,20170529,676.02,672.52,678.78,672.52,55113108
VN30-IDX,20170528,668.35,669.4,671.07,668.35,109109950
VN30-IDX,20170527,668.07,663.85,668.07,663.85,59841760
VN30-IDX,20170526,663.57,666.46,667.42,663.54,39031010
VN30-IDX,20170525,665.46,663.13,667.67,662.82,33808990
VN30-IDX,20170524,662.67,663.86,664.49,659.95,39744180
VN30-IDX,20170523,663.49,664.59,667.49,663.49,58262100
VN30-IDX,20170522,664.3,662.3,666.66,662.04,65376570
VN30-IDX,20170521,662.48,659.64,665.2,658.54,41605219
VN30-IDX,20170520,659.9,658.21,659.9,656.36,49914520
VN30-IDX,20170519,658.61,657.26,660.79,657.26,45661953
VN30-IDX,20170518,656.77,654.36,657.41,650.59,41543540
VN30-IDX,20170517,653.76,655.94,658.71,653.76,44574400
VN30-IDX,20170516,655.99,656.69,657.64,649.45,52804790
VN30-IDX,20170515,657.95,667.17,667.7,657.95,40583080
VN30-IDX,20170514,666.22,659.63,666.64,659.63,55414620
VN30-IDX,20170513,661.81,667.27,668.3,661.37,68537600
VN30-IDX,20170512,667.42,668.69,670.97,662.06,58469942
VN30-IDX,20170511,668.61,671.96,672.43,666.49,69787356
VN30-IDX,20170510,671.52,668.3,673.77,668.3,64496390
VN30-IDX,20170509,667.56,664.9,669.5,663.11,70848110
VN30-IDX,20170508,668.1,667.09,668.76,664.49,58861960
VN30-IDX,20170507,667.72,670.49,676.65,667.47,78250720
VN30-IDX,20170506,669.08,663.58,670.06,663.58,55199340
VN30-IDX,20170505,663.43,664.11,665.24,660.57,56285362
VN30-IDX,20170504,662.68,660.03,662.83,659.32,47476720
VN30-IDX,20170503,658.78,659.12,659.81,657.65,48041880
VN30-IDX,20170502,658.83,658.4,660.08,657.65,56808292
VN30-IDX,20170501,657.97,657.62,657.97,655.12,45312347
VN30-IDX,20170430,656.48,654.24,657.42,653.88,54415797
VN30-IDX,20170429,654.03,652.5,654.03,649.35,37891682
VN30-IDX,20170428,651.18,656.27,657.63,651.18,44587710
VN30-IDX,20170427,652.98,645.72,652.98,645.72,37214480
VN30-IDX,20170426,644.79,640.92,644.79,639.43,38334229
VN30-IDX,20170425,639.32,635.31,640.18,635.31,34711470
VN30-IDX,20170424,635.42,634.81,637.14,634.81,35318539
VN30-IDX,20170423,634.28,632.17,636.39,632.17,35854530
VN30-IDX,20170422,631,632.31,634,630.48,33900640
VN30-IDX,20170421,633.1,637.09,638.72,633.1,42058670
VN30-IDX,20170420,637.54,633.42,637.54,632.7,51330770
VN30-IDX,20170419,632.7,639.59,640.52,632.7,41112420
VN30-IDX,20170418,640.07,642.21,643.85,640.07,42314478
VN30-IDX,20170417,642.25,644.53,645.14,641.71,58107000
VN30-IDX,20170416,643.39,639.56,643.39,639.52,50310972
VN30-IDX,20170415,639.36,639,640.86,638.61,42153480
VN30-IDX,20170414,638.4,636.82,640.02,636.82,55054032
VN30-IDX,20170413,636.34,634.56,640.74,634.26,69771960
VN30-IDX,20170412,634.83,633.61,635.33,632.46,50348862
VN30-IDX,20170411,632.7,632.8,635.39,630.46,52288190
VN30-IDX,20170410,633.89,627.65,634.18,627.58,42886270
VN30-IDX,20170409,628.21,625.8,628.21,625.18,46755430
VN30-IDX,20170408,626.95,627.82,627.94,626.3,45339320
VN30-IDX,20170407,624.83,625.55,626.44,623.24,50198868
VN30-IDX,20170406,623.46,622.05,624.17,621.77,57507575
VN30-IDX,20170405,621.73,622.91,624.52,621.71,47420035
VN30-IDX,20170404,620.75,617.58,620.75,615.74,50518470
VN30-IDX,20170403,618.35,619.99,621.87,617.15,42899055
VN30-IDX,20170402,618.43,616.72,620.28,614.13,40778350
VN30-IDX,20170401,616.74,622.59,622.62,615.95,37017705
VN30-IDX,20170331,623.85,622.19,626.78,622.19,47470570
VN30-IDX,20170330,621.04,613.31,621.04,613.27,103804220
VN30-IDX,20170329,613.25,614.83,615.72,610.64,60090414
VN30-IDX,20170328,615.26,607,615.26,606.55,57303640
VN30-IDX,20170327,606.71,612.52,612.74,606.07,56730860
VN30-IDX,20170326,612.83,616.5,617.89,612.24,52766030
VN30-IDX,20170325,619.64,620.48,621.86,617.29,34495110
VN30-IDX,20170324,619.45,619.03,620.23,615,40242480
VN30-IDX,20170323,615,614.64,617.22,614.1,70504795
VN30-IDX,20170322,616.26,625.68,626.15,614.23,59023110
VN30-IDX,20170321,625.32,628.6,629.85,625.32,49451091
VN30-IDX,20170320,629.64,631.81,632.3,628.68,70242487
VN30-IDX,20170319,631.55,633.63,636.43,631.55,60625410
VN30-IDX,20170318,631.89,626.68,632.9,622.12,67128510
VN30-IDX,20170317,625.78,631.22,632.89,623.32,57622990
VN30-IDX,20170316,630.62,640.58,640.75,628.48,42236760
VN30-IDX,20170315,643.38,648.82,648.82,641.7,52256340
VN30-IDX,20170314,647.47,650.52,651.55,645.36,58914966
VN30-IDX,20170313,647.59,643.82,649.65,643.6,47906920
VN30-IDX,20170312,643.76,638.29,643.8,638.29,53410470
VN30-IDX,20170311,638.87,635.82,638.87,634.43,49149070
VN30-IDX,20170310,634.35,635.63,636.61,632.45,44574480
VN30-IDX,20170309,636.02,638.7,639.16,635.32,62890250
VN30-IDX,20170308,638.72,638,641.21,637.99,52149390
VN30-IDX,20170307,637.51,636.01,639.38,635.2,53470629
VN30-IDX,20170306,634.13,640.06,642.24,634.13,62048909
VN30-IDX,20170305,642,641.8,642.9,639.88,53372303
VN30-IDX,20170304,641.9,640.96,642.88,639.68,55452669
VN30-IDX,20170303,635.42,641.84,641.84,620.35,78463470
VN30-IDX,20170302,642.01,640,643.43,640,44774070
VN30-IDX,20170301,639.91,633.03,639.98,632.63,53006542
VN30-IDX,20170228,632.54,632.39,634.5,631.8,38767795
VN30-IDX,20170227,632.81,634.28,634.28,627.9,72936135
VN30-IDX,20170226,636.54,641.56,642.87,636.54,81168592
VN30-IDX,20170225,643.05,643.26,644.7,641.4,60042540
VN30-IDX,20170224,644.22,649.28,649.28,644.22,66220297
VN30-IDX,20170223,649.27,643.66,649.31,642.82,54323340
VN30-IDX,20170222,644.18,641.42,644.18,640.13,42273922
VN30-IDX,20170221,641.81,643.57,645.25,639.07,40456885
VN30-IDX,20170220,644.91,645.32,646.97,640.03,57905879
VN30-IDX,20170219,648.29,654.17,654.17,648.29,46607299
VN30-IDX,20170218,655.17,657.38,658.77,653.71,49539287
VN30-IDX,20170217,657.15,661.11,661.2,655.75,59846979
VN30-IDX,20170216,659.39,654.45,660.77,654.45,77569600
VN30-IDX,20170215,653.32,649.08,653.87,647.77,63293460
VN30-IDX,20170214,650.46,657.08,657.81,650.46,48262270
VN30-IDX,20170213,657.59,656.92,662.05,656.89,78563431
VN30-IDX,20170212,658.29,651.64,658.49,649.63,54456330
VN30-IDX,20170211,653.25,655.03,658.02,652.71,50572200
VN30-IDX,20170210,654.88,649.08,654.88,641.45,72022976
VN30-IDX,20170209,647.25,657.58,657.92,647.17,55713920
VN30-IDX,20170208,657.54,665.31,666.33,654.05,55753190
VN30-IDX,20170207,663.12,665.23,667.15,663.12,74609993
VN30-IDX,20170206,663.95,663.56,665.98,661.76,55139590
VN30-IDX,20170205,661.89,661.77,665.53,657.44,55633810
VN30-IDX,20170204,662.42,668.47,670.52,660.29,60248420
VN30-IDX,20170203,668.44,669.34,670.55,665.65,52620270
VN30-IDX,20170202,670.3,671.39,674.11,668.34,50409700
VN30-IDX,20170201,669.17,670.32,672.92,667.72,56045158
VN30-IDX,20170131,671.21,665.3,671.21,664.47,65243450
VN30-IDX,20170130,666.1,662.79,666.9,661.71,59430141
VN30-IDX,20170129,664.31,662.23,664.31,660.85,69759194
VN30-IDX,20170128,662.31,659.65,665.27,659.36,56594760
VN30-IDX,20170127,657.44,653.67,658.05,652.62,73000820
VN30-IDX,20170126,653.66,648.77,653.66,643.6,59487570
VN30-IDX,20170125,648.83,646.47,648.83,644.23,52715110
VN30-IDX,20170124,639.37,642.29,645.72,639.37,124133450
VN30-IDX,20170123,645.02,646.37,649.97,644.08,45951500
VN30-IDX,20170122,646.93,651.15,652.5,646.93,44706030
VN30-IDX,20170121,651.8,650.41,653.85,647.33,39096623
VN30-IDX,20170120,651.63,657.61,657.61,646.87,45050938
VN30-IDX,20170119,658.66,662.04,663.68,657.64,48605546
VN30-IDX,20170118,659.25,654.53,661.54,654.38,59949430
VN30-IDX,20170117,654.79,655.19,655.75,647.47,42238570
VN30-IDX,20170116,656.02,656.06,659.27,656.02,50182654
VN30-IDX,20170115,655.08,660.24,661.13,652.13,53481330
VN30-IDX,20170114,659.09,665.2,665.2,655.28,42526628
VN30-IDX,20170113,665.25,662.41,666.7,661.32,49948570
VN30-IDX,20170112,661.2,655.39,661.2,654.66,38966900
VN30-IDX,20170111,656.23,660.07,666.02,656.23,46673020
VN30-IDX,20170110,656.71,652.64,659.34,652.64,50271730
VN30-IDX,20170109,649.06,649.51,650.69,646.71,46888574
VN30-IDX,20170108,650.95,651.83,656.93,650.21,39441740
VN30-IDX,20170107,650.92,643.9,651.19,642.5,47351190
VN30-IDX,20170106,647.46,654.43,655.33,647.46,54790920
VN30-IDX,20170105,654.42,657.39,659.43,653.67,51050685
VN30-IDX,20170104,652.87,653.36,656.33,646.59,57331149
VN30-IDX,20170103,650.82,648.34,650.98,645.53,54679850
VN30-IDX,20170102,646.44,647.15,650.45,645.48,78224250
VN30-IDX,20170101,645.66,640.59,645.69,639.08,57965610
VN30-IDX,20161231,641.11,650.55,652.87,638.1,58420640
VN30-IDX,20161230,645.1,634.27,645.1,633.95,67330260
VN30-IDX,20161229,632.86,621.18,633.39,621.18,50914560
VN30-IDX,20161228,621.43,614.16,621.88,614.16,38938100
VN30-IDX,20161227,614.65,614.38,616.97,609.21,38359140
VN30-IDX,20161226,615.06,615.06,615.65,608.84,52503620
VN30-IDX,20161225,617.41,620.42,626.79,617.41,44945390
VN30-IDX,20161224,619.8,620.86,622.4,616.53,35623690
VN30-IDX,20161223,623.16,631.09,631.13,620.85,65403000
VN30-IDX,20161222,635.41,642.04,642.04,633.42,38436420
VN30-IDX,20161221,639.17,644,645.39,639.11,45541430
VN30-IDX,20161220,644.33,639.58,644.33,636.61,53603695
VN30-IDX,20161219,639.63,634.67,640.41,634.42,54226929
VN30-IDX,20161218,634.68,633.57,636.03,627.97,36720740
VN30-IDX,20161217,633.21,636.37,638.17,631.18,37662900
VN30-IDX,20161216,634.34,642.19,642.35,626.4,79016203
VN30-IDX,20161215,643.16,647.51,650.12,642.22,40079800
VN30-IDX,20161214,645.15,654.45,654.49,645.15,50732450
VN30-IDX,20161213,654.17,664.82,665.11,647.33,56698900
VN30-IDX,20161212,662.29,653.82,662.41,652.51,55776030
VN30-IDX,20161211,653.63,653.75,656.73,649.54,59301579
VN30-IDX,20161210,651.14,657.05,664.43,651.14,68755830
VN30-IDX,20161209,656.89,645.04,657.66,645.04,74595200
VN30-IDX,20161208,641.58,637.69,641.58,633.5,54432900
VN30-IDX,20161207,636.02,643.77,648.37,633.89,53374610
VN30-IDX,20161206,643.56,645.21,648.73,639.67,49583380
VN30-IDX,20161205,644.52,639.9,645.01,638.63,45030610
VN30-IDX,20161204,636.18,632.8,638.29,630.21,48408199
VN30-IDX,20161203,636.27,636.57,641.86,634.43,54102700
VN30-IDX,20161202,633.57,629.19,634.23,629.19,53427369
VN30-IDX,20161201,626.34,623.77,630.61,623.5,52031960
VN30-IDX,20161130,621.79,623.98,626.9,621.52,36009680
VN30-IDX,20161129,621.39,616.09,622.43,616.09,47256170
VN30-IDX,20161128,614.31,612.52,616.51,612,31363410
VN30-IDX,20161127,614.42,609.64,614.42,601.71,40094921
VN30-IDX,20161126,612.69,625.8,625.8,591.44,112996790
VN30-IDX,20161125,626.5,623.71,627.61,623.09,39441330
VN30-IDX,20161124,624.18,626.53,628.26,623.76,31713670
VN30-IDX,20161123,626.97,627.16,631.02,626.97,46029110
VN30-IDX,20161122,624.19,615.98,624.79,615.98,42836553
VN30-IDX,20161121,615.75,621.15,622.15,615.39,80809230
VN30-IDX,20161120,622.54,625.02,627.46,622.54,47138500
VN30-IDX,20161119,624.19,624.66,625.8,621.06,43074700
VN30-IDX,20161118,625.36,620.01,625.36,617.71,30760290
VN30-IDX,20161117,621.75,626.68,626.92,620.36,46797747
VN30-IDX,20161116,629.27,630.55,634.07,628.4,53564350
VN30-IDX,20161115,630.66,630.34,631.73,627.29,39724640
VN30-IDX,20161114,630.09,624.83,632.6,624.83,47259560
VN30-IDX,20161113,624.01,620.96,624.01,619.59,40385150
VN30-IDX,20161112,618.88,620.61,622.23,615.91,51579020
VN30-IDX,20161111,621.05,622.07,622.65,619.15,43700532
VN30-IDX,20161110,621.18,619.14,622.88,618.1,45318024
VN30-IDX,20161109,619.38,617.69,620.19,617.02,40972759
VN30-IDX,20161108,617.52,618.91,621.3,616.85,42808680
VN30-IDX,20161107,616.73,612.4,617.43,611.83,41346280
VN30-IDX,20161106,611,607.21,612.66,605.16,38558276
VN30-IDX,20161105,607.16,613.05,615.94,607.16,45987420
VN30-IDX,20161104,612.74,614.91,618.61,612.74,51533058
VN30-IDX,20161103,614.62,616.33,616.45,611.94,49835230
VN30-IDX,20161102,614.45,616.81,617.39,612.43,42706560
VN30-IDX,20161101,616.4,621.34,623.19,615.91,55534510
VN30-IDX,20161031,621.13,624.73,625.99,620.11,62641840
VN30-IDX,20161030,623.92,625.18,628.3,622.71,59495005
VN30-IDX,20161029,622.93,619.24,625.12,617.11,51613683
VN30-IDX,20161028,615.17,612.03,615.89,608.96,39023820
VN30-IDX,20161027,609.97,612.64,615.33,608.67,40834500
VN30-IDX,20161026,612.04,613.32,615.57,611.39,32931690
VN30-IDX,20161025,611.96,606.32,611.96,604.25,49787308
VN30-IDX,20161024,604.56,601.23,605.37,597.91,46159652
VN30-IDX,20161023,604.24,610.78,612.82,604.24,45611603
VN30-IDX,20161022,607.55,604.96,610.19,604.7,42153450
VN30-IDX,20161021,604.69,603.68,609.59,603.32,49503907
VN30-IDX,20161020,602.57,600.63,606.88,597.4,56196770
VN30-IDX,20161019,601.25,595.5,603.04,595.19,46455444
VN30-IDX,20161018,595.63,597.87,600.36,593.46,35960850
VN30-IDX,20161017,597.43,603.93,603.93,593.93,58323650
VN30-IDX,20161016,601.27,593.35,601.27,593.35,72214832
VN30-IDX,20161015,594.16,599.85,604.12,594.16,51867586
VN30-IDX,20161014,595.38,582.43,595.48,581.72,48018250
VN30-IDX,20161013,582.76,578.09,584.37,577.19,35603240
VN30-IDX,20161012,575.35,575.42,578.65,572.14,42573255
VN30-IDX,20161011,575.06,584.14,584.42,575.06,42722454
VN30-IDX,20161010,584.47,586.27,591.76,584.47,36198250
VN30-IDX,20161009,586.21,582.4,591.64,582.4,41275203
VN30-IDX,20161008,584.63,587.94,589.03,582.4,44885692
VN30-IDX,20161007,587.47,588.73,590.22,584.75,68316330
VN30-IDX,20161006,586.78,580.79,588.42,580.65,52029130
VN30-IDX,20161005,578.97,578.43,581.39,576.68,41831740
VN30-IDX,20161004,579.28,577.88,580.37,575.09,40441224
VN30-IDX,20161003,576.4,571.47,576.4,569.4,42451203
VN30-IDX,20161002,570.43,565.59,570.43,565.37,48430815
VN30-IDX,20161001,565.71,568.01,570.25,563.05,38108214
VN30-IDX,20160930,568.27,570.7,572.17,566.81,44770586
VN30-IDX,20160929,571.69,575.37,579.44,571.69,64086980
VN30-IDX,20160928,577.11,573.58,579.97,572.16,42708337
VN30-IDX,20160927,575.16,582.87,583.29,575.16,60286400
VN30-IDX,20160926,582.37,578.45,582.82,577.46,37798290
VN30-IDX,20160925,578.24,576.64,579.84,571.71,57545690
VN30-IDX,20160924,577.31,579.84,584.36,577.31,57556460
VN30-IDX,20160923,580.6,577.77,581.74,577.25,51277670
VN30-IDX,20160922,577.97,580.01,580.67,575.68,38899605
VN30-IDX,20160921,579.95,582.85,587.78,579.95,65259080
VN30-IDX,20160920,581.95,587.13,587.92,581.95,116320691
VN30-IDX,20160919,586.47,588.62,590.98,586.37,68950503
VN30-IDX,20160918,583.79,582.95,585.31,581.4,52578363
VN30-IDX,20160917,583.02,586.45,588.05,581.72,60899224
VN30-IDX,20160916,587.09,586.63,587.93,584.06,90894235
VN30-IDX,20160915,583.89,583.93,588.46,582.54,49269325
VN30-IDX,20160914,583.77,582.95,583.79,580.19,39057337
VN30-IDX,20160913,581.25,582.45,585.48,580.52,39949174
VN30-IDX,20160912,582.54,583.29,585.67,582.08,53541240
VN30-IDX,20160911,582.6,582.6,587.91,582.31,55768420
VN30-IDX,20160910,580.94,579.08,583.73,577.53,44022270
VN30-IDX,20160909,579.11,582.26,582.43,578.55,48774050
VN30-IDX,20160908,579.17,575.95,579.61,573.27,48621717
VN30-IDX,20160907,572.99,570.88,576.3,570.88,45791030
VN30-IDX,20160906,570.66,576.98,577.74,570.66,45988550
VN30-IDX,20160905,577.71,574.12,577.73,572.17,34788584
VN30-IDX,20160904,573.02,580.63,583.87,573.02,73168802
VN30-IDX,20160903,578.87,571.54,581.76,570.14,66192570
VN30-IDX,20160902,573.78,579.62,580.05,573.47,76277860
VN30-IDX,20160901,574.37,567.87,576.63,567.87,73633710
VN30-IDX,20160831,567.51,566.68,568.97,565.25,77386990
VN30-IDX,20160830,566.85,564.27,569.38,563.16,49276330
VN30-IDX,20160829,561.1,565.69,567.31,561.1,53117430
VN30-IDX,20160828,562.32,560.98,564.21,560.95,43142610
VN30-IDX,20160827,559.19,558.64,561.48,554.24,28647649
VN30-IDX,20160826,563.97,560.01,565.97,560.01,23741664
VN30-IDX,20160825,561.22,560,562.88,559.33,29655494
VN30-IDX,20160824,556.53,552.09,556.53,549.01,36613040
VN30-IDX,20160823,555.09,555.13,559.8,553.76,30894510
VN30-IDX,20160822,557.98,562.4,565.79,557.98,38166650
VN30-IDX,20160821,561.61,557.31,562.79,554.63,53673420
VN30-IDX,20160820,556.86,558.65,562.45,555.73,47146372
VN30-IDX,20160819,558.98,558.65,561.94,557.01,51897394
VN30-IDX,20160818,554.52,553.09,560.05,549.32,62796949
VN30-IDX,20160817,562.19,546.87,562.22,546.87,79316400
VN30-IDX,20160816,539.37,541.84,542.4,531.53,77046870
VN30-IDX,20160815,538.53,541.34,548.09,537.88,65114550
VN30-IDX,20160814,544.24,546.69,551.88,543.59,63815940
VN30-IDX,20160813,550.29,541.43,550.29,541.43,48612580
VN30-IDX,20160812,541.18,543.44,543.44,531.92,74247710
VN30-IDX,20160811,555.76,570.33,572.27,555.76,60819380
VN30-IDX,20160810,569.17,571.02,573.73,565.79,81637244
VN30-IDX,20160809,578.63,583.37,584.03,577.29,64259835
VN30-IDX,20160808,582.39,574.23,582.39,574.23,44400861
VN30-IDX,20160807,573.72,574.95,579.24,573.02,43517834
VN30-IDX,20160806,575.96,578.97,579.97,571.96,50471570
VN30-IDX,20160805,582.3,589.12,589.12,577.19,54020210
VN30-IDX,20160804,589.97,582.81,589.97,582.81,43397000
VN30-IDX,20160803,583.62,586.93,589.65,583.06,39540580
VN30-IDX,20160802,589.91,593.31,594.68,587.94,43431474
VN30-IDX,20160801,595.57,594.21,595.57,590.37,47400008
VN30-IDX,20160731,594.8,589.93,594.8,587.81,30984840
VN30-IDX,20160730,589.43,582.71,589.43,579.18,51012530
VN30-IDX,20160729,583.16,583.14,586.52,582.58,57297610
VN30-IDX,20160728,579.32,577.98,581.69,577.63,39965088
VN30-IDX,20160727,576.71,575.86,578.1,575.11,20515830
VN30-IDX,20160726,575.46,575.43,578.36,572.22,35422050
VN30-IDX,20160725,576.8,578.18,580.64,575.71,26950004
VN30-IDX,20160724,577.73,581.36,581.92,576.12,47393638
VN30-IDX,20160723,578.85,585.89,587.76,578.85,124023990
VN30-IDX,20160722,586.47,587.74,590.01,584.23,29672966
VN30-IDX,20160721,583.97,584.14,588.21,582.58,28531720
VN30-IDX,20160720,582.28,580.59,584.57,580.07,37033130
VN30-IDX,20160719,579.42,581.57,582.93,577.68,57696150
VN30-IDX,20160718,578.01,572.39,580.73,571.7,37105370
VN30-IDX,20160717,572.5,575.37,578.1,572.5,44459250
VN30-IDX,20160716,574.54,584.48,587.62,574.54,42398350
VN30-IDX,20160715,584.85,574.21,584.85,568.51,47738910
VN30-IDX,20160714,575.34,581.62,581.8,574.73,28689287
VN30-IDX,20160713,582.96,585.13,585.14,578.88,27896550
VN30-IDX,20160712,585.23,583.57,587.27,583.5,34558020
VN30-IDX,20160711,583.94,579.54,586.15,579.54,44413500
VN30-IDX,20160710,579.06,582.74,586.14,579.06,46327964
VN30-IDX,20160709,581.94,589.57,589.76,580.53,58417500
VN30-IDX,20160708,590.59,596.93,599.63,590.59,57965420
VN30-IDX,20160707,598.04,601.97,603.46,598.04,45843010
VN30-IDX,20160706,602.67,599.38,603.72,593.58,62676430
VN30-IDX,20160705,600.21,607.48,607.48,597.01,64741401
VN30-IDX,20160704,606.93,611.14,615.96,606.93,46797010
VN30-IDX,20160703,611.16,608.86,614.03,608.12,48483760
VN30-IDX,20160702,609.05,613.73,615.12,609.05,41438120
VN30-IDX,20160701,612.25,613.24,617.19,611.21,45376100
VN30-IDX,20160630,614.39,618.62,620.89,614.13,73767808
VN30-IDX,20160629,619.14,620.95,622.51,615.42,49028700
VN30-IDX,20160628,622.34,613.13,622.34,613.13,59113091
VN30-IDX,20160627,614.39,612.12,614.39,603.06,59294954
VN30-IDX,20160626,612.71,613.81,619.59,612.71,32172060
VN30-IDX,20160625,614.56,619.26,619.95,614.1,47670830
VN30-IDX,20160624,619.44,623.5,623.5,619.21,56864770
VN30-IDX,20160623,622.67,626.15,630.36,620.02,41077990
VN30-IDX,20160622,625.71,619.95,627.17,619.93,27804405
VN30-IDX,20160621,621.35,626.75,630.6,621.35,43891547
VN30-IDX,20160620,623.85,613.48,623.85,611.3,45042350
VN30-IDX,20160619,613.19,619.89,621.94,613.19,43672723
VN30-IDX,20160618,619.21,618.41,620.37,615.66,31273107
VN30-IDX,20160617,618.01,610.56,618.01,610.56,37848470
VN30-IDX,20160616,609.68,612.25,615.05,609.51,42883732
VN30-IDX,20160615,611.57,611.09,614.47,608.89,32716430
VN30-IDX,20160614,612.21,619.09,622.09,612.21,37792049
VN30-IDX,20160613,616.07,613.49,617.16,613.12,37658680
VN30-IDX,20160612,609.78,603.84,611.06,603.84,34926752
VN30-IDX,20160611,604.34,605.86,609.32,603.98,38624260
VN30-IDX,20160610,605.56,611.81,612.26,603.94,55339690
VN30-IDX,20160609,611.37,610.96,615.13,608.01,39096260
VN30-IDX,20160608,609.73,609.76,616.35,609.73,52760860
VN30-IDX,20160607,607.95,609.72,610.87,606.71,40856190
VN30-IDX,20160606,607.57,610.78,612.59,607.57,43559160
VN30-IDX,20160605,607.03,608.06,608.94,605.38,51939585
VN30-IDX,20160604,609.55,605.87,612.48,605.29,78250610
VN30-IDX,20160603,605.6,609.08,611.15,605.6,74411260
VN30-IDX,20160602,604.91,598.61,606.08,597.73,107633350
VN30-IDX,20160601,598.42,602.12,605.22,598.36,60277129
VN30-IDX,20160531,599.92,596.87,599.92,592.44,73704858
VN30-IDX,20160530,588.73,582.94,588.73,582.16,30334902
VN30-IDX,20160529,580.74,582.47,584.06,580.74,23615240
VN30-IDX,20160528,582.33,581.67,584.43,581.2,21180840
VN30-IDX,20160527,580.32,580.39,583.9,580.32,26497130
VN30-IDX,20160526,578.98,577.85,579.66,575.06,33620640
VN30-IDX,20160525,582.42,588.69,589.64,582.42,30483760
VN30-IDX,20160524,588.11,588.91,591.12,584.87,29408900
VN30-IDX,20160523,589.42,591.39,593.67,589.42,34469730
VN30-IDX,20160522,591.23,590.58,593.13,588.24,30008230
VN30-IDX,20160521,592.78,591.81,593.93,589.01,51927930
VN30-IDX,20160520,590.46,583.37,590.46,582.81,31132790
VN30-IDX,20160519,582.73,578.78,586.19,578.78,64225290
VN30-IDX,20160518,576.68,577.52,580.29,576.68,22209630
VN30-IDX,20160517,576.78,572.47,577.24,572.47,30145960
VN30-IDX,20160516,571.53,574.39,574.93,570.59,27109430
VN30-IDX,20160515,576,583.07,585.77,574.96,29095769
VN30-IDX,20160514,583.27,588.89,590.04,582.8,36895690
VN30-IDX,20160513,588.54,583.91,591.1,582.79,24364950
VN30-IDX,20160512,587.69,585.24,589.74,585.24,31878200
VN30-IDX,20160511,583.35,572.91,583.78,572.85,47957288
VN30-IDX,20160510,574.09,577.17,580.47,573.25,30171233
VN30-IDX,20160509,578.78,576.94,579.89,575.88,23533890
VN30-IDX,20160508,575.58,581.3,581.89,572.64,36952720
VN30-IDX,20160507,583.61,586.53,591.08,583.02,43397960
VN30-IDX,20160506,586.23,596.58,596.58,586.23,57575427
VN30-IDX,20160505,597.81,585.35,597.81,582.42,76084285
VN30-IDX,20160504,581.51,579.74,583.7,577.88,57046610
VN30-IDX,20160503,574.88,561.17,577.15,561.17,62972170
VN30-IDX,20160502,561,544.1,567.56,544.1,75509417
VN30-IDX,20160501,558.92,580.86,580.86,552.23,89493910
VN30-IDX,20160430,587.83,589.51,591.32,572.16,93320490
VN30-IDX,20160429,598.22,606.66,609.72,597.46,48728215
VN30-IDX,20160428,608.91,610,611.63,600.69,43159660
VN30-IDX,20160427,611.8,605.42,611.8,604.7,44606730
VN30-IDX,20160426,607.44,618.99,621.01,604.67,52452880
VN30-IDX,20160425,618.94,621.34,625.84,615.55,41633300
VN30-IDX,20160424,622.83,632.1,632.1,619.1,57536164
VN30-IDX,20160423,632.9,639.7,641.12,630.99,46752290
VN30-IDX,20160422,643.42,646.63,648.87,642.28,58427216
VN30-IDX,20160421,649.99,637.58,649.99,637.58,37035910
VN30-IDX,20160420,638.4,635,638.75,631.97,39741280
VN30-IDX,20160419,633.53,639.96,640.52,632.97,41397030
VN30-IDX,20160418,639.33,632.89,639.33,632.89,40522756
VN30-IDX,20160417,631.27,637.2,638.14,631.27,33725180
VN30-IDX,20160416,636.92,642.46,642.61,632.93,66788720
VN30-IDX,20160415,647.36,653.03,654.56,647.36,42971910
VN30-IDX,20160414,651.7,651.35,652.74,648.12,40471490
VN30-IDX,20160413,651.21,659.53,662.57,651.21,55447190
VN30-IDX,20160412,659.6,666.01,668.8,659.6,74932280
VN30-IDX,20160411,665.66,658.63,667.17,658.16,57498100
VN30-IDX,20160410,657.97,657.47,661.15,653.95,45346655
VN30-IDX,20160409,655.74,656.53,662.05,655.17,47847290
VN30-IDX,20160408,655.06,640.42,655.11,639.66,47490826
VN30-IDX,20160407,641.45,643.83,647.03,636.91,37899050
VN30-IDX,20160406,644.19,646.69,646.81,639.9,42903940
VN30-IDX,20160405,651.03,649.24,653.18,648.66,44063040
VN30-IDX,20160404,649.06,647.99,652.55,644.13,53169440
VN30-IDX,20160403,651.45,658.81,661.97,651.45,50253430
VN30-IDX,20160402,658.28,653.67,658.51,648.89,61007600
VN30-IDX,20160401,652.28,652.4,655.5,648.2,56491900
VN30-IDX,20160331,648.73,651,652.29,647.2,75448701
VN30-IDX,20160330,646.58,638.89,648.91,635.73,58274548
VN30-IDX,20160329,645.67,652.98,655.9,640.61,95709811
VN30-IDX,20160328,653.27,647.83,656.46,644.74,70769000
VN30-IDX,20160327,649.54,643.19,649.54,642.35,70037880
VN30-IDX,20160326,639.87,635.89,639.87,635.34,68857340
VN30-IDX,20160325,633.28,622.57,633.28,621.79,54655390
VN30-IDX,20160324,622.91,624.36,624.97,617.57,51768509
VN30-IDX,20160323,622.43,616.19,626.86,616.19,69063047
VN30-IDX,20160322,620.22,608.75,620.22,608.75,61655895
VN30-IDX,20160321,608.92,606.76,617.82,606.76,85781415
VN30-IDX,20160320,609.49,610.49,611.4,606.18,47466360
VN30-IDX,20160319,610.73,612.66,615.34,610.11,65710616
VN30-IDX,20160318,614.42,614.86,617.35,612.7,63822110
VN30-IDX,20160317,615.1,608,615.19,607.64,94822531
VN30-IDX,20160316,603.26,603.43,606.82,601.09,132321640
VN30-IDX,20160315,600.45,598.58,602.55,598.58,48173010
VN30-IDX,20160314,598.25,599.52,603.62,595.35,59232600
VN30-IDX,20160313,600.92,605.8,607.6,600.92,80508135
VN30-IDX,20160312,604.53,605.47,606.8,601.88,78597710
VN30-IDX,20160311,604.29,602.3,604.63,600.03,67466970
VN30-IDX,20160310,601.4,598.47,602.96,597.27,81156790
VN30-IDX,20160309,595.06,593.6,597.3,590.69,57043775
VN30-IDX,20160308,593.36,593.56,599.44,591.9,69897660
VN30-IDX,20160307,594.51,592.22,599.19,592.22,88890014
VN30-IDX,20160306,592.22,589.16,593.95,585.86,65705270
VN30-IDX,20160305,587.48,586.82,590.42,586.18,45383228
VN30-IDX,20160304,585.6,587.59,591.82,585.42,68417670
VN30-IDX,20160303,588.63,593.34,596.96,588.63,53552304
VN30-IDX,20160302,593.61,590.44,597.2,590.13,51516110
VN30-IDX,20160301,589.32,594.34,597.08,588.15,60265880
VN30-IDX,20160229,594.27,589.06,599.22,588.19,70051560
VN30-IDX,20160228,589.82,589.31,592.28,587.96,48777660
VN30-IDX,20160227,591.13,588.5,594.3,587.77,56984460
VN30-IDX,20160226,588.36,585.08,589.18,582.45,45173740
VN30-IDX,20160225,586.58,577.86,586.58,574.6,49160080
VN30-IDX,20160224,578.64,574.5,578.64,570.49,58828556
VN30-IDX,20160223,572.34,556.99,572.34,556.99,58433910
VN30-IDX,20160222,556.44,552.46,556.92,552.46,35127225
VN30-IDX,20160221,552.9,559.99,560.96,552.87,49470490
VN30-IDX,20160220,561.87,569.39,570.58,561.87,27175310
VN30-IDX,20160219,569.89,568.77,570.66,567.28,25416670
VN30-IDX,20160218,569.28,572.33,573.24,565.11,38296050
VN30-IDX,20160217,571,580.11,580.27,570.11,33445097
VN30-IDX,20160216,579.41,582.99,585.88,579.41,61514344
VN30-IDX,20160215,582.91,581.87,586.21,581.35,27553400
VN30-IDX,20160214,582.4,578.84,584.45,577.62,22656850
VN30-IDX,20160213,579.39,585.64,585.64,578.89,32496318
VN30-IDX,20160212,585.45,576.34,585.45,571.07,53614028
VN30-IDX,20160211,576.52,589.54,593.95,575.16,44662226
VN30-IDX,20160210,593.15,599.99,600.36,593.15,21521860
VN30-IDX,20160209,596.1,594.3,596.93,593.03,19418650
VN30-IDX,20160208,592.71,594.13,596.85,589.61,28110475
VN30-IDX,20160207,594,594.89,597.4,593.99,26928180
VN30-IDX,20160206,593.67,595.1,598.24,593.67,32462890
VN30-IDX,20160205,595.82,599.66,599.89,593.96,22263060
VN30-IDX,20160204,599.12,595.43,602.83,595.43,46620450
VN30-IDX,20160203,595.09,593.91,597.01,592.84,38170360
VN30-IDX,20160202,590.78,588.32,592.45,587.21,34781940
VN30-IDX,20160201,587.24,589.11,592.03,587.24,20617490
VN30-IDX,20160131,589.77,586.09,589.77,585.86,27691921
VN30-IDX,20160130,583.34,579.53,586.9,579.53,39868005
VN30-IDX,20160129,578.35,575.5,581.25,575.36,31837030
VN30-IDX,20160128,575.94,578.6,580.08,574.85,28399319
VN30-IDX,20160127,577.69,572.72,578.21,570.09,42703600
VN30-IDX,20160126,572.71,578.14,579.56,572.71,27748820
VN30-IDX,20160125,577.66,577.36,580.11,574.43,30733150
VN30-IDX,20160124,576.13,571.22,576.99,567.48,36448120
VN30-IDX,20160123,569.48,580.27,580.61,568.45,58509230
VN30-IDX,20160122,579.97,576.8,582.51,576.8,40452277
VN30-IDX,20160121,576.6,583.22,584.99,576.41,53349877
VN30-IDX,20160120,583.02,588.68,590.64,580.34,36945370
VN30-IDX,20160119,586.7,587.99,590.94,585.81,32787940
VN30-IDX,20160118,590.17,593.5,593.96,589.42,38819740
VN30-IDX,20160117,593.8,596.65,596.65,590.18,36677020
VN30-IDX,20160116,598.07,604.09,607.4,597.94,48070780
VN30-IDX,20160115,603.76,600.19,604.67,599.91,107602830
VN30-IDX,20160114,601.31,607.64,608.81,600.87,41174070
VN30-IDX,20160113,607.18,610.31,611.2,607.08,43599400
VN30-IDX,20160112,611.24,609.37,612.72,609.37,45739240
VN30-IDX,20160111,610.63,613.99,616.42,609.78,52751850
VN30-IDX,20160110,616.94,620.4,622.56,616.94,52540250
VN30-IDX,20160109,620.24,619,621.81,616.52,37183790
VN30-IDX,20160108,619.27,622.48,623.65,619.27,37286528
VN30-IDX,20160107,621.1,619.37,622.95,618.96,54405220
VN30-IDX,20160106,620.88,623.73,628.07,620.04,38691290
VN30-IDX,20160105,622.75,625.15,629.71,622.75,39133200
VN30-IDX,20160104,625.25,629.58,630.72,625.25,51035590
VN30-IDX,20160103,629.69,628.77,630.52,625.66,39679750
VN30-IDX,20160102,627.27,618,627.39,618,48260060
VN30-IDX,20160101,617.05,619.2,621.04,615.39,42235614
VN30-IDX,20151231,618.39,625.35,625.35,618.39,31762152
VN30-IDX,20151230,623.84,621,623.99,618.09,46971800
VN30-IDX,20151229,619.44,623.69,627.94,619.23,38759426
VN30-IDX,20151228,624.17,619.48,624.17,618.73,28007509
VN30-IDX,20151227,617.2,615.33,618.46,614.96,30585560
VN30-IDX,20151226,613.36,608.89,614.69,608.89,38099420
VN30-IDX,20151225,607.33,596.7,607.33,596.41,37316250
VN30-IDX,20151224,595.53,594.79,599.43,594.72,26402935
VN30-IDX,20151223,594.77,595.69,598.82,594.77,29376660
VN30-IDX,20151222,595.69,592.4,597.06,592.4,24728420
VN30-IDX,20151221,591.28,587.54,593.56,587.47,31945500
VN30-IDX,20151220,588.83,585.32,588.83,581.24,46468730
VN30-IDX,20151219,585.47,600.02,601.33,585.47,39455200
VN30-IDX,20151218,598.46,606.02,609.79,598.46,44364758
VN30-IDX,20151217,606.54,613.41,613.47,604.98,34096980
VN30-IDX,20151216,613.9,613.87,615.63,610.57,40355329
VN30-IDX,20151215,613.53,610.54,614.95,608.41,43404800
VN30-IDX,20151214,609.98,613.03,616.69,606.75,56866870
VN30-IDX,20151213,612.64,618.14,619.21,612.64,33649130
VN30-IDX,20151212,615.16,611.79,618.9,611.79,104393833
VN30-IDX,20151211,610.31,607.68,613.35,604.35,37376271
VN30-IDX,20151210,606.53,611.5,611.63,606.53,33013220
VN30-IDX,20151209,609.19,611.46,614.5,608.32,31179990
VN30-IDX,20151208,611.64,616.91,618.29,609.77,37871790
VN30-IDX,20151207,614.72,616.89,617.52,613.4,46384030
VN30-IDX,20151206,617.62,617.12,619.05,613.8,56436489
VN30-IDX,20151205,616.84,620.56,621.75,611.9,48366670
VN30-IDX,20151204,619.39,614.22,619.58,614.06,48778150
VN30-IDX,20151203,615.73,618.04,624.18,615.49,81434802
VN30-IDX,20151202,618.41,608.26,619.52,608.26,56993397
VN30-IDX,20151201,606.85,607.52,609.85,605.37,36922317
VN30-IDX,20151130,607.65,606.49,611.78,606.49,53995280
VN30-IDX,20151129,606.37,594.37,606.45,593.46,57176551
VN30-IDX,20151128,599.69,600.48,604.99,599.69,52052371
VN30-IDX,20151127,601.66,592.02,601.93,591.84,62140540
VN30-IDX,20151126,591.18,582.65,591.18,578.33,39986549
VN30-IDX,20151125,583.36,583.36,589.18,578.53,55739490
VN30-IDX,20151124,582.45,585.45,587.46,577.98,49195756
VN30-IDX,20151123,585.19,588.63,589.79,584.1,43533043
VN30-IDX,20151122,591.19,591.61,593.55,588.17,32382730
VN30-IDX,20151121,589.61,589.2,594.41,584.62,68422359
VN30-IDX,20151120,587.56,577.08,587.64,576.98,52317617
VN30-IDX,20151119,570.61,578.4,582.59,570.61,128797420
VN30-IDX,20151118,578.88,573.93,579.73,571.19,55330530
VN30-IDX,20151117,569.71,592.34,593.39,563.92,76587550
VN30-IDX,20151116,591.78,601.75,602,591.28,59284638
VN30-IDX,20151115,603.92,607.56,610.59,603.92,35623570
VN30-IDX,20151114,609.33,603.35,609.66,603.35,32071210
VN30-IDX,20151113,604.8,604.88,612.8,601.84,41755226
VN30-IDX,20151112,610.81,601.92,611.51,597.97,50248789
VN30-IDX,20151111,603.85,617.02,617.02,603.13,87421990
VN30-IDX,20151110,619.87,622.9,623.85,617.1,46869143
VN30-IDX,20151109,624.67,625.53,628.13,623.13,38461100
VN30-IDX,20151108,624.31,619.43,626.1,619.43,45310750
VN30-IDX,20151107,619.29,614.72,621.05,614.72,48781330
VN30-IDX,20151106,613.57,615.32,616.16,613.57,47479621
VN30-IDX,20151105,614.44,612.86,617.19,612.68,55425058
VN30-IDX,20151104,611.15,615.19,616.98,611.15,53683770
VN30-IDX,20151103,615.57,615.91,616.56,609.7,57185748
VN30-IDX,20151102,616.48,624.68,625.92,615.22,72437324
VN30-IDX,20151101,623.23,618.48,624.83,618.48,46883529
VN30-IDX,20151031,616.39,620.57,622.24,615.45,50464120
VN30-IDX,20151030,623.74,629.07,631.21,623.74,68964230
VN30-IDX,20151029,628.8,627.65,630.57,624.87,79453310
VN30-IDX,20151028,623.66,628.44,630.64,623.66,82821550
VN30-IDX,20151027,627.84,637.12,637.61,627.84,56107291
VN30-IDX,20151026,637.21,639.53,640.93,637.18,40445070
VN30-IDX,20151025,637.9,638.24,638.71,632.28,66774648
VN30-IDX,20151024,638.87,642.4,644.53,638.87,61162710
VN30-IDX,20151023,641.89,643.07,644.76,640.58,46385010
VN30-IDX,20151022,642.02,643.26,647.1,641.47,61305688
VN30-IDX,20151021,642.9,644.05,647.01,642.9,56584730
VN30-IDX,20151020,642.77,638.87,643.49,637.07,55030870
VN30-IDX,20151019,637.56,638.17,641.39,636.17,26582600
VN30-IDX,20151018,637.68,638.9,643.36,633.89,63197060
VN30-IDX,20151017,639.91,641.73,644.75,639.91,35112410
VN30-IDX,20151016,644.64,644.03,646.76,642.47,44335553
VN30-IDX,20151015,638.78,628.53,638.78,626.64,53796420
VN30-IDX,20151014,627.21,628.5,630.62,626.5,36336140
VN30-IDX,20151013,628.1,620.18,628.6,620.18,45989216
VN30-IDX,20151012,618.99,613.23,621.19,613.23,59107719
VN30-IDX,20151011,615.15,626.19,628.64,615.15,42590092
VN30-IDX,20151010,629.52,629.83,633.04,625.49,32082660
VN30-IDX,20151009,630.84,636.33,638.56,630.84,66977948
VN30-IDX,20151008,637.85,635.72,639.55,635.02,43680320
VN30-IDX,20151007,633.81,627.96,635.36,627.11,32169210
VN30-IDX,20151006,628.09,624.98,632.52,622.21,36053010
VN30-IDX,20151005,624.77,623.36,627.42,613.76,63303150
VN30-IDX,20151004,623.76,639.79,639.98,622.03,71592840
VN30-IDX,20151003,641.63,640.12,642.63,634.34,43882610
VN30-IDX,20151002,641.13,651.91,653.1,641.13,38194800
VN30-IDX,20151001,651.07,650.76,653.69,646.51,44170646
VN30-IDX,20150930,651.72,655.72,659.11,651.52,49988205
VN30-IDX,20150929,657.11,660.9,662.75,657.11,49812310
VN30-IDX,20150928,658.98,657.35,661.67,655.15,57090200
VN30-IDX,20150927,659.16,661.84,662.16,658.14,61145750
VN30-IDX,20150926,662.43,658.84,663.65,657.93,57512850
VN30-IDX,20150925,659.25,659.05,663.54,658.04,77746089
VN30-IDX,20150924,659.64,655.97,659.83,653.03,72089190
VN30-IDX,20150923,655.06,648.98,655.85,648.87,72810585
VN30-IDX,20150922,644.25,641.13,646.88,637.85,67827302
VN30-IDX,20150921,642.98,650.08,650.08,642.98,55790948
VN30-IDX,20150920,649.63,655.55,656.44,649.63,57387200
VN30-IDX,20150919,653.39,653.53,653.72,642.83,56426240
VN30-IDX,20150918,655.14,656.97,661.13,653.34,53660269
VN30-IDX,20150917,658.31,652.88,663.41,652.76,53882256
VN30-IDX,20150916,653.19,659.72,662.6,653.19,65923748
VN30-IDX,20150915,654.54,658.86,662.48,654.54,146925190
VN30-IDX,20150914,659.63,665.51,668.2,658.02,69883410
VN30-IDX,20150913,665.66,667.79,671.3,664.33,81994170
VN30-IDX,20150912,666.66,666.69,668.96,659.97,81080390
VN30-IDX,20150911,668.42,670.67,674.09,668.42,100975760
VN30-IDX,20150910,669.78,666.15,669.87,664.23,50735150
VN30-IDX,20150909,665.09,668.19,670.39,663.84,55598660
VN30-IDX,20150908,666.42,663.89,667.55,653.53,59546120
VN30-IDX,20150907,664.65,678.83,678.89,659.97,110018302
VN30-IDX,20150906,678.83,681.26,683.36,678.41,70406392
VN30-IDX,20150905,677.62,678.81,679.7,675.84,56328108
VN30-IDX,20150904,678.59,678.4,680.41,675.32,62941041
VN30-IDX,20150903,678.9,681.09,684.82,678.48,86774060
VN30-IDX,20150902,676.82,672.14,678.68,668.36,92018350
VN30-IDX,20150901,668.96,667.35,673.29,666.36,64719770
VN30-IDX,20150831,667.9,670.8,674.6,664.19,73388500
VN30-IDX,20150830,668.25,665.3,670.29,663.81,61209830
VN30-IDX,20150829,661.76,659.13,663.42,657.74,88200394
VN30-IDX,20150828,654.96,650.99,657.39,650.99,80158750
VN30-IDX,20150827,649.94,644.95,653.44,644.95,80585280
VN30-IDX,20150826,645.44,645.9,649.32,643.29,45812020
VN30-IDX,20150825,645.46,647.98,650.2,644.7,58793082
VN30-IDX,20150824,647,646.35,649.18,643.94,72437060
VN30-IDX,20150823,645.13,649.62,650.09,645.13,48752269
VN30-IDX,20150822,649.85,646.42,650.49,645.85,51688055
VN30-IDX,20150821,645.17,639.75,645.17,639.75,44157220
VN30-IDX,20150820,639.96,637.22,642.93,635.82,37861347
VN30-IDX,20150819,638.22,639.43,642.15,636.48,37012500
VN30-IDX,20150818,641.93,644.04,646.3,640.18,49747580
VN30-IDX,20150817,644.19,641.04,644.46,639.54,40684260
VN30-IDX,20150816,644,643.56,647.63,641.58,42573283
VN30-IDX,20150815,643.56,640.25,643.56,638.75,35212020
VN30-IDX,20150814,638.98,631.14,639.18,631.14,34388810
VN30-IDX,20150813,635.01,635.87,636.75,632.8,30186693
VN30-IDX,20150812,637.04,628.93,637.07,628.41,28029670
VN30-IDX,20150811,629.07,631.62,635.22,629.07,48225460
VN30-IDX,20150810,633.58,630.61,633.58,627.24,28258930
VN30-IDX,20150809,630.3,640.13,640.27,628.1,49563110
VN30-IDX,20150808,641.96,647.6,650.57,641.96,29448108
VN30-IDX,20150807,646.64,640.07,647.4,640.07,22571950
VN30-IDX,20150806,640.84,642.74,643.56,638.97,16038882
VN30-IDX,20150805,641.95,644.75,645.57,640.13,26139070
VN30-IDX,20150804,645.33,644.77,650.97,642.56,31267710
VN30-IDX,20150803,645.52,635.73,645.52,635.31,54830350
VN30-IDX,20150802,636.3,635.91,638.56,633.36,23431017
VN30-IDX,20150801,637.13,641.52,643.03,637.13,37348700
VN30-IDX,20150731,636.09,635.41,637.81,635.41,62671250
VN30-IDX,20150730,632.54,628.48,632.54,627.08,23707150
VN30-IDX,20150729,627.1,627.44,629.45,623.73,22479941
VN30-IDX,20150728,628.78,635.73,635.73,625.16,41042080
VN30-IDX,20150727,636.64,636.26,638.15,635.14,31400950
VN30-IDX,20150726,636.21,637.74,638.91,632.25,31887390
VN30-IDX,20150725,636.75,635.49,639.55,634.62,38757450
VN30-IDX,20150724,631.02,628.06,633.22,628.06,47905512
VN30-IDX,20150723,627.17,621.91,627.17,621.91,45992016
VN30-IDX,20150722,620.2,618.77,622.41,617.69,34959502
VN30-IDX,20150721,617.96,615.87,621.1,615.43,29088188
VN30-IDX,20150720,615.06,617.01,619.03,615.06,19832593
VN30-IDX,20150719,616.85,619.51,621.23,616.85,24619600
VN30-IDX,20150718,619.91,618.1,622.37,616.4,35991540
VN30-IDX,20150717,618.1,612.63,619.02,612.63,37650500
VN30-IDX,20150716,612.54,609.75,613.75,608.67,23548580
VN30-IDX,20150715,609.99,609.03,613.06,609.03,19391870
VN30-IDX,20150714,607.23,616.09,619.32,607.23,72297680
VN30-IDX,20150713,613.82,612.72,617.03,606.96,35572230
VN30-IDX,20150712,618.61,619.71,622.69,618.61,27490455
VN30-IDX,20150711,620.61,617.56,622.73,616.65,34052930
VN30-IDX,20150710,618.62,619.98,620.86,618.07,34154270
VN30-IDX,20150709,617.73,616.24,620.84,614.61,24651670
VN30-IDX,20150708,616.11,615.99,617.66,612.09,31693300
VN30-IDX,20150707,615.52,609.36,615.52,609.2,28438730
VN30-IDX,20150706,608.59,609.97,612.27,608.59,25100050
VN30-IDX,20150705,610.92,609.2,615.47,606.3,36867040
VN30-IDX,20150704,608.48,603.72,608.48,602.19,17755870
VN30-IDX,20150703,601.6,601.64,604.76,597.7,14106760
VN30-IDX,20150702,603.83,612.97,613.38,601.06,21346837
VN30-IDX,20150701,612.49,611.11,614.82,608.28,15969180
VN30-IDX,20150630,610.99,614.74,617.68,607.91,24822924
VN30-IDX,20150629,618,614.32,619.25,612.78,28463540
VN30-IDX,20150628,615.01,614.21,622.35,611.75,38109190
VN30-IDX,20150627,614.88,608.25,615.46,608.25,34955110
VN30-IDX,20150626,605.87,596.01,606.02,595.38,39124780
VN30-IDX,20150625,596.24,594.04,597.8,588.05,18725670
VN30-IDX,20150624,594.35,593.68,597.43,591.77,21959930
VN30-IDX,20150623,592.75,595.27,600.15,592.75,35336520
VN30-IDX,20150622,596.82,590.69,597.78,585.1,35412680
VN30-IDX,20150621,590.27,586.35,590.61,581.61,29364380
VN30-IDX,20150620,589.31,582.54,590.5,577.93,34275270
VN30-IDX,20150619,581.93,573.63,582.69,569.91,35672964
VN30-IDX,20150618,575.53,581.2,589.78,562.23,45118330
VN30-IDX,20150617,581.83,556.94,581.83,556.84,38908900
VN30-IDX,20150616,560.11,552.56,564.5,552.56,39749641
VN30-IDX,20150615,563.3,578.81,578.81,556.45,41981908
VN30-IDX,20150614,587.91,568.97,588.54,568.97,37240570
VN30-IDX,20150613,575.31,598.77,598.77,572.28,76965300
VN30-IDX,20150612,609.51,606.87,612.49,603,18713600
VN30-IDX,20150611,605.2,613.38,613.38,593.85,38463970
VN30-IDX,20150610,614.36,631.64,631.95,613.75,29283031
VN30-IDX,20150609,632.1,626.58,633.01,626.58,16652730
VN30-IDX,20150608,628.9,636.49,638.27,628.9,22311840
VN30-IDX,20150607,636.35,629.65,637.46,629.65,25696280
VN30-IDX,20150606,629.16,629.72,631.77,626.94,18411429
VN30-IDX,20150605,629.78,630.5,636.57,626.62,24605680
VN30-IDX,20150604,630.88,615.05,630.88,612.23,40731570
VN30-IDX,20150603,613.67,619.86,625.25,613.67,32134910
VN30-IDX,20150602,621.13,642.08,642.08,621.13,39810080
VN30-IDX,20150601,642.48,640.62,645.41,636.57,43697040
VN30-IDX,20150531,634.76,644.19,646.21,626.26,58424665
VN30-IDX,20150530,647.74,660.76,663.36,647.74,50222720
VN30-IDX,20150529,661.12,668.96,668.96,661.12,46469000
VN30-IDX,20150528,665.85,665.35,668.29,662.13,44587760
VN30-IDX,20150527,670.06,674.68,677.09,667.57,44916097
VN30-IDX,20150526,672.06,673.2,675.44,670.82,53406348
VN30-IDX,20150525,672.97,669.3,674.7,669.3,41518200
VN30-IDX,20150524,667.33,665.33,667.34,662.5,57598710
VN30-IDX,20150523,664.88,661.44,667.42,659.39,35673320
VN30-IDX,20150522,658.01,661.05,663.53,649.14,52173783
VN30-IDX,20150521,660.13,669.93,672.23,657.86,68709519
VN30-IDX,20150520,670.43,677.7,678.81,670.43,43221220
VN30-IDX,20150519,676.31,672.57,677.71,670.94,45293720
VN30-IDX,20150518,669.89,665.72,670.34,658.32,53821180
VN30-IDX,20150517,664.87,684.6,685.25,663.77,89674510
VN30-IDX,20150516,682.75,689.22,692.83,682.75,92287170
VN30-IDX,20150515,689.32,688.29,690.57,683.95,63258780
VN30-IDX,20150514,679.98,676.93,688.7,676.43,114077740
VN30-IDX,20150513,676.08,683.11,684.8,674.97,70719960
VN30-IDX,20150512,681.94,673.56,681.94,673.53,68011960
VN30-IDX,20150511,673.68,671.87,677.52,669.66,78028720
VN30-IDX,20150510,672.15,672.54,673.8,669.54,59277290
VN30-IDX,20150509,668.39,669.7,673.91,665.77,52612890
VN30-IDX,20150508,669.21,664.1,669.21,661.95,50217918
VN30-IDX,20150507,663.84,665.92,672.15,663.84,55769820
VN30-IDX,20150506,661.61,656.93,662.85,653.7,51750016
VN30-IDX,20150505,655.8,652.54,656.87,651.78,50496830
VN30-IDX,20150504,651.46,650.93,654.2,650.09,48526240
VN30-IDX,20150503,648.62,646.39,650.74,645.3,42796750
VN30-IDX,20150502,645.76,646.23,647.85,642.66,34959360
VN30-IDX,20150501,638.79,636.93,641.89,631.93,48305210
VN30-IDX,20150430,643.95,663.17,663.48,643.95,52882470
VN30-IDX,20150429,663.81,664.16,668.42,657.21,47856567
VN30-IDX,20150428,662.74,666.72,677.66,662.74,88557092
VN30-IDX,20150427,667.91,668.59,669.62,659.74,60530852
VN30-IDX,20150426,661.53,645.99,661.53,645.99,52382610
VN30-IDX,20150425,648.49,641.39,648.49,638.1,42007340
VN30-IDX,20150424,639.37,637.93,643.63,630.1,44778040
VN30-IDX,20150423,638.7,650.47,654.31,631.73,88718350
VN30-IDX,20150422,650.43,648.91,650.57,645.44,51215870
VN30-IDX,20150421,645.6,640.04,645.6,638.32,57402640
VN30-IDX,20150420,638.8,638.47,642.72,635.28,62607760
VN30-IDX,20150419,641.41,641.81,645.94,639.57,52979490
VN30-IDX,20150418,641.73,640.18,643.65,637.29,60104800
VN30-IDX,20150417,637.79,629.72,637.79,627.33,48631680
VN30-IDX,20150416,627.4,634.9,637.26,627.4,66759605
VN30-IDX,20150415,631.42,622.93,631.42,622.46,41007880
VN30-IDX,20150414,622.82,629.98,632.24,621.97,47080630
VN30-IDX,20150413,626.31,623.2,629.39,619.05,34844750
VN30-IDX,20150412,624.7,622.98,624.75,622.79,28410180
VN30-IDX,20150411,627.91,628.28,628.38,623.72,31623740
VN30-IDX,20150410,626.62,624.08,630.31,621.85,27657710
VN30-IDX,20150409,626.04,634.36,640.05,625.7,52404605
VN30-IDX,20150408,634.08,624.61,634.08,614.5,41780209
VN30-IDX,20150407,620.69,607.09,627.53,607.09,41439419
VN30-IDX,20150406,605.5,594.37,612.23,594.37,54546360
VN30-IDX,20150405,589.46,584.94,589.46,582.62,34470550
VN30-IDX,20150404,583.07,582.1,585.32,580.16,34214775
VN30-IDX,20150403,580.59,576.81,582.97,575.8,36366022
VN30-IDX,20150402,576.61,576.52,579,575.73,26244854
VN30-IDX,20150401,576.16,577.75,581.07,576.16,42928940
VN30-IDX,20150331,577.19,572.02,577.19,572.02,28292900
VN30-IDX,20150330,573.11,568.2,573.64,566.61,25658050
VN30-IDX,20150329,568.15,567.26,571.13,567.26,25600750
VN30-IDX,20150328,566.3,563.89,566.3,561.12,18908710
VN30-IDX,20150327,562.8,561.35,563.61,560.98,14269778
VN30-IDX,20150326,562,563.41,564.33,559.89,16598804
VN30-IDX,20150325,562.2,556.82,563.54,554.68,18494064
VN30-IDX,20150324,556.37,562.27,563.18,556.37,29778420
VN30-IDX,20150323,562.28,562.73,565.34,562.28,18961240
VN30-IDX,20150322,562.45,561.13,564.75,560.72,28915888
VN30-IDX,20150321,561.18,563.68,563.71,559.99,14568370
VN30-IDX,20150320,562.85,566.33,567.01,562.85,19454190
VN30-IDX,20150319,565.98,562.86,566.79,562.54,32253257
VN30-IDX,20150318,560.68,565.98,566.37,560.68,46015640
VN30-IDX,20150317,565.52,566.37,568.03,565.32,26277040
VN30-IDX,20150316,566.27,564.9,566.55,563.99,13327670
VN30-IDX,20150315,565.94,561.88,565.94,561.61,15680770
VN30-IDX,20150314,560.93,563.59,567.97,560.93,18461180
VN30-IDX,20150313,566.47,567.76,569.69,566.03,18517680
VN30-IDX,20150312,567.4,563.69,568.19,562.55,32639990
VN30-IDX,20150311,565.69,572.12,572.28,564.39,29187900
VN30-IDX,20150310,572.13,574.15,575.59,570.68,18726370
VN30-IDX,20150309,573.21,574.92,575.26,572.75,34129990
VN30-IDX,20150308,570.11,569.31,571.54,568.51,20617600
VN30-IDX,20150307,569.18,570.69,572.83,567.83,25729920
VN30-IDX,20150306,570.91,572.23,572.87,570.46,28404770
VN30-IDX,20150305,571.71,568.29,575.72,568.29,39043230
VN30-IDX,20150304,568.87,569.66,569.92,568.09,17577511
VN30-IDX,20150303,569.06,569.07,570.78,568.13,20769700
VN30-IDX,20150302,570.56,569.18,570.56,568.33,17915305
VN30-IDX,20150301,568.33,571.1,573.34,568.1,25980238
VN30-IDX,20150228,568.85,567.15,570.95,565.31,26099160
VN30-IDX,20150227,567.42,566.66,571.14,566.66,30501597
VN30-IDX,20150226,566.28,565.08,567.39,562.87,27669116
VN30-IDX,20150225,563.45,567.09,571.43,563.45,44408034
VN30-IDX,20150224,566.44,564.8,566.44,562.82,26738900
VN30-IDX,20150223,564.89,565.72,567.55,564.89,24246110
VN30-IDX,20150222,565.36,562.54,567.05,562.54,36419976
VN30-IDX,20150221,559.75,555.38,559.9,555.38,25459490
VN30-IDX,20150220,555.73,552.47,555.73,552.35,22896750
VN30-IDX,20150219,553.09,554.33,556.26,552.84,20147340
VN30-IDX,20150218,555.11,559.24,559.77,554.08,28924099
VN30-IDX,20150217,559.32,557.02,559.95,556.03,23577120
VN30-IDX,20150216,556.78,558.4,559.75,556.78,17921460
VN30-IDX,20150215,559.12,561.63,562.75,558.83,28912300
VN30-IDX,20150214,561.93,560.22,561.93,559.15,26051500
VN30-IDX,20150213,557.72,555.47,557.95,552.83,17979878
VN30-IDX,20150212,554.97,555.49,555.93,552.24,18934750
VN30-IDX,20150211,554.73,557.02,557.18,553.85,15610554
VN30-IDX,20150210,555.56,557.69,558.53,555.86,13912020
VN30-IDX,20150209,557.23,557.07,558.87,556.95,19802330
VN30-IDX,20150208,556.15,553.5,556.94,552.54,22205330
VN30-IDX,20150207,555.95,560.4,560.84,555.95,20275540
VN30-IDX,20150206,560.57,563.01,563.03,559.18,30192660
VN30-IDX,20150205,562.02,564.71,566.53,561.47,35065341
VN30-IDX,20150204,565.28,562.07,565.78,562.06,28504050
VN30-IDX,20150203,560.36,560.22,563.19,558.61,23452100
VN30-IDX,20150202,561.3,561.28,562.91,559.25,29607830
VN30-IDX,20150201,559.38,557.32,560.03,555.7,21485580
VN30-IDX,20150131,557.79,559.67,560.04,556.6,23138830
VN30-IDX,20150130,557.15,553.14,558.51,552.69,24605210
VN30-IDX,20150129,553.9,550.7,553.9,550.58,20471050
VN30-IDX,20150128,551.48,551.29,552.68,549.63,11170280
VN30-IDX,20150127,552.16,551.89,555.81,551.89,17163830
VN30-IDX,20150126,551.86,556.19,557.46,551.86,23201490
VN30-IDX,20150125,556.72,556.46,557.78,555.76,18788830
VN30-IDX,20150124,558.55,557.83,560.36,555.02,30360787
VN30-IDX,20150123,557.54,552.55,557.95,552.3,27142384
VN30-IDX,20150122,552.07,549.74,552.27,548.63,18064390
VN30-IDX,20150121,549.58,552.4,552.7,548.4,19464450
VN30-IDX,20150120,552.73,550.36,554.16,549.91,22365070
VN30-IDX,20150119,549.63,551.71,555.21,549.32,43037330
VN30-IDX,20150118,551.56,546.1,551.56,545.43,26580710
VN30-IDX,20150117,545.49,544.55,547.56,543.33,20019930
VN30-IDX,20150116,545.83,545.42,547.58,542.6,18603600
VN30-IDX,20150115,545.83,542.38,549.39,542.35,31588478
VN30-IDX,20150114,543.23,539.43,544.37,539.43,49444302
VN30-IDX,20150113,540.25,535.47,540.25,534.19,16804300
VN30-IDX,20150112,537.57,533.83,537.57,532.27,63627980
VN30-IDX,20150111,533.83,532.9,537,532.9,16656614
VN30-IDX,20150110,531.63,536.15,536.27,530.54,16672933
VN30-IDX,20150109,535.8,534.25,536.65,533.13,15057260
VN30-IDX,20150108,531.99,532.54,534.87,529.56,17895800
VN30-IDX,20150107,531.21,530.09,532.8,529.08,12441240
VN30-IDX,20150106,531.17,530.21,532.6,529.62,15056402
VN30-IDX,20150105,531.91,531.43,534.42,528.89,12976670
VN30-IDX,20150104,530.19,525.8,530.59,525.8,10040240
VN30-IDX,20150103,524.17,529.14,530.51,523.38,25075830
VN30-IDX,20150102,534.8,532.8,535.44,529.48,25969759
VN30-IDX,20150101,531.71,526.61,531.9,523.91,21258020
VN30-IDX,20141231,525.66,528.07,530.5,522.86,42213170
VN30-IDX,20141230,527.92,531.15,533.1,525.96,12601259
VN30-IDX,20141229,531.23,523.89,531.23,517.75,15889440
VN30-IDX,20141228,523.51,528.17,531.03,523.51,19472740
VN30-IDX,20141227,528.62,535.43,535.66,523.27,29124195
VN30-IDX,20141226,539.97,541.81,542.81,538.57,9998540
VN30-IDX,20141225,543.38,541.29,543.38,533.46,17687710
VN30-IDX,20141224,542.08,549.69,550.73,537.73,23337010
VN30-IDX,20141223,549.54,553.71,556.44,546.7,20514444
VN30-IDX,20141222,555.93,557.9,557.9,549.42,18309800
VN30-IDX,20141221,557.52,560.54,562.29,556.05,26940510
VN30-IDX,20141220,561.62,559.07,565.56,558.71,23883480
VN30-IDX,20141219,559.16,558.72,561.12,556.26,19636120
VN30-IDX,20141218,559.07,554.35,560.46,554.35,21892450
VN30-IDX,20141217,554.34,549.7,554.34,547.53,12408809
VN30-IDX,20141216,550.36,550.5,553.92,548.53,12511780
VN30-IDX,20141215,550.07,552.49,552.67,549.23,14118722
VN30-IDX,20141214,552.27,551.14,553.72,550.54,10375750
VN30-IDX,20141213,550.07,553.13,556.75,550.07,9666510
VN30-IDX,20141212,553.29,550.32,554.53,548.26,16223550
VN30-IDX,20141211,549.45,545.79,549.45,544.57,11834990
VN30-IDX,20141210,546.18,544.55,548.71,544.17,12708786
VN30-IDX,20141209,545.59,544.39,546.63,543.91,9541290
VN30-IDX,20141208,543.56,540.53,544.68,540.27,13736146
VN30-IDX,20141207,542.52,540.68,543.69,538.66,24821410
VN30-IDX,20141206,541.78,537.45,543.04,537.03,12972849
VN30-IDX,20141205,537.42,544.4,544.99,536.51,14111860
VN30-IDX,20141204,544.88,544.46,546.67,539.83,29095160
VN30-IDX,20141203,544.15,547.55,548.84,543.52,23726800
VN30-IDX,20141202,548.24,556.08,556.11,547.1,27701730
VN30-IDX,20141201,556.79,557.24,559.68,556.07,25702762
VN30-IDX,20141130,557.97,557.23,560.49,554.38,25261010
VN30-IDX,20141129,556.56,551.88,557.45,551.88,23350570
VN30-IDX,20141128,550.67,549.79,554.71,548.58,24407929
VN30-IDX,20141127,551.38,551.01,552.52,547.44,19442980
VN30-IDX,20141126,549.75,548.82,552.46,548,18050730
VN30-IDX,20141125,548.6,551.41,551.65,547.04,19391506
VN30-IDX,20141124,548.27,540.5,548.27,540.33,25430954
VN30-IDX,20141123,539.51,538.9,539.85,537.25,14152845
VN30-IDX,20141122,538.97,543.52,544.73,538.97,10890230
VN30-IDX,20141121,541.53,539.25,541.87,537.57,10562770
VN30-IDX,20141120,539.92,542.75,543.3,537.57,11990260
VN30-IDX,20141119,543.38,544.74,546.61,542.11,14061340
VN30-IDX,20141118,543.66,545.55,547.28,543.66,16724739
VN30-IDX,20141117,543.95,545.17,549.3,543.2,21364490
VN30-IDX,20141116,544.98,536.2,544.98,536.2,13320400
VN30-IDX,20141115,534.85,535.91,537.02,531.45,11296657
VN30-IDX,20141114,538.54,541.3,542.7,536.99,36570753
VN30-IDX,20141113,539.89,532.61,539.89,530.6,20796273
VN30-IDX,20141112,529.88,531.32,532.56,522.6,39602970
VN30-IDX,20141111,530.46,541.25,541.25,522.29,33835152
VN30-IDX,20141110,546.56,554.47,556.13,543.73,24533567
VN30-IDX,20141109,553.57,552.85,555.84,550.31,46476870
VN30-IDX,20141108,555.01,555.53,558.33,553.86,17185750
VN30-IDX,20141107,556.73,554.64,557.8,554.07,15884770
VN30-IDX,20141106,552.87,551.12,554.03,547.87,21977680
VN30-IDX,20141105,552.73,562.93,563.86,551.27,28223080
VN30-IDX,20141104,562.97,571.43,574.57,562.97,18712100
VN30-IDX,20141103,571.79,574.6,576.16,565.9,20040703
VN30-IDX,20141102,575.39,580.77,582.75,575.39,21208190
VN30-IDX,20141101,581.15,584.68,584.68,580.01,28986641
VN30-IDX,20141031,584.11,591.62,593.17,584.11,41606431
VN30-IDX,20141030,588.21,585.01,588.21,583.63,24381304
VN30-IDX,20141029,582.92,575.13,583.7,575.13,25257110
VN30-IDX,20141028,577.28,575.55,577.65,572.54,18821640
VN30-IDX,20141027,574.95,585.29,585.72,574.95,27441920
VN30-IDX,20141026,580.89,581.66,585.09,579.77,20919290
VN30-IDX,20141025,581.95,585.78,591.05,581.95,81793477
VN30-IDX,20141024,584.7,581.74,584.7,579.47,22110090
VN30-IDX,20141023,579.33,579.57,583.34,572.89,31853885
VN30-IDX,20141022,577.4,578.68,579.3,573.94,28323860
VN30-IDX,20141021,574.82,567.9,579.38,567.9,24475400
VN30-IDX,20141020,563.81,562.36,567.87,560.15,22900046
VN30-IDX,20141019,561.79,566.71,570.81,562.6,26188017
VN30-IDX,20141018,567.79,570.39,570.56,567.52,23394898
VN30-IDX,20141017,566.46,563.15,570.06,562.28,37274373
VN30-IDX,20141016,558.79,552.78,559.12,551.74,17872867
VN30-IDX,20141015,553.51,555.57,558.34,553.51,18522510
VN30-IDX,20141014,556.01,552.26,557.76,551.93,20541022
VN30-IDX,20141013,551.81,547.87,553.03,547.67,14400706
VN30-IDX,20141012,548.27,552.64,552.64,545.65,15614796
VN30-IDX,20141011,554.38,552.55,555.23,552.55,18345350
VN30-IDX,20141010,551.81,552.22,554.89,549.93,54737853
VN30-IDX,20141009,552.53,549.28,553.87,549.28,66989450
VN30-IDX,20141008,549.74,551.28,552.26,548.58,33500925
VN30-IDX,20141007,549.57,553.45,555.64,547.85,16358350
VN30-IDX,20141006,551.99,542.29,551.99,542.29,14217840
VN30-IDX,20141005,539.33,533.87,539.33,533.69,7778390
VN30-IDX,20141004,536.25,536.15,539.6,534.51,8705010
VN30-IDX,20141003,537.37,537.4,540.6,535.79,8607490
VN30-IDX,20141002,537.23,534.5,537.79,534.5,9167670
VN30-IDX,20141001,531.69,532.97,535.43,531.69,10983022
VN30-IDX,20140930,532.24,528.17,534.24,528.16,9970680
VN30-IDX,20140929,527.63,530.23,531.12,525.43,12553482
VN30-IDX,20140928,532.44,537.97,539.55,529.26,14712630
VN30-IDX,20140927,543.99,542.75,544.9,536.82,9195080
VN30-IDX,20140926,538.17,534.44,539.64,525.82,17844459
VN30-IDX,20140925,540.83,555.44,555.44,539.56,20452890
VN30-IDX,20140924,557.77,566.68,566.94,552.24,18954840
VN30-IDX,20140923,565.76,562.04,565.76,557.56,23347480
VN30-IDX,20140922,558.37,576.24,581.01,558.37,25361630
VN30-IDX,20140921,575.93,573.21,579.04,572.58,19713050
VN30-IDX,20140920,575.02,572.22,576.06,569.7,18368230
VN30-IDX,20140919,570.2,567.66,570.83,564.05,18233321
VN30-IDX,20140918,564.39,569.45,571.45,564.09,18312940
VN30-IDX,20140917,569.33,572.38,575.62,567.25,19646830
VN30-IDX,20140916,573.5,568.04,577.33,568.04,28288150
VN30-IDX,20140915,566.98,553.38,566.98,551.8,19903590
VN30-IDX,20140914,552.28,549.52,553.88,543.26,10336750
VN30-IDX,20140913,551.92,556.14,556.16,550.47,13628770
VN30-IDX,20140912,554.83,556.86,558.29,552.82,13420590
VN30-IDX,20140911,557.17,563.31,563.92,557.17,15688383
VN30-IDX,20140910,561.81,555.2,561.81,554.12,11961010
VN30-IDX,20140909,554.84,560.04,566.08,551.8,19886870
VN30-IDX,20140908,559.39,552.91,561.17,552.46,16237050
VN30-IDX,20140907,551.15,547.15,553.39,547.1,15467200
VN30-IDX,20140906,547.22,547.04,549.8,545.23,10403080
VN30-IDX,20140905,548.72,553.19,553.19,548.72,14145520
VN30-IDX,20140904,553.33,546.98,553.33,545.86,40230250
VN30-IDX,20140903,546.15,541.14,546.15,540.41,16328330
VN30-IDX,20140902,542.94,549.52,551,542.71,16299510
VN30-IDX,20140901,547.63,547.33,551.98,541.89,17545750
VN30-IDX,20140831,550.22,542.44,550.22,541.44,16745976
VN30-IDX,20140830,540.01,535.82,541.65,535.82,9331490
VN30-IDX,20140829,533.69,538.97,542.11,533.69,14167490
VN30-IDX,20140828,539.08,532.81,539.08,531.37,9619410
VN30-IDX,20140827,528.29,533.74,533.88,525.8,15478930
VN30-IDX,20140826,534.53,546.18,549.47,534.53,19607530
VN30-IDX,20140825,547.7,548.92,551.49,546.85,12333780
VN30-IDX,20140824,545.68,539.35,547.75,539.35,17404590
VN30-IDX,20140823,535.86,537.15,539.57,529.76,18834590
VN30-IDX,20140822,536.94,557.73,557.73,535.69,26926760
VN30-IDX,20140821,558.17,555.95,558.9,552.22,13807063
VN30-IDX,20140820,551.33,557.1,562.7,542.52,29462370
VN30-IDX,20140819,550.42,571.6,574.47,550.42,28137990
VN30-IDX,20140818,572.38,565.83,573.73,565.38,19244500
VN30-IDX,20140817,570.22,573.74,574.88,569.32,27026910
VN30-IDX,20140816,574.43,577.69,578.57,573.76,17174080
VN30-IDX,20140815,574.18,573.39,576.47,569.57,13101500
VN30-IDX,20140814,571.59,573.21,576.14,569.46,21558510
VN30-IDX,20140813,570.03,560.64,570.52,560.64,22214280
VN30-IDX,20140812,556.83,561,562.92,556.83,30359637
VN30-IDX,20140811,562.07,566.36,569.68,562.07,20183436
VN30-IDX,20140810,566.09,562.91,566.09,555.31,36523604
VN30-IDX,20140809,564.01,569.01,569.6,563.81,20070490
VN30-IDX,20140808,572.76,572.25,577,568.15,29159290
VN30-IDX,20140807,569.6,561.28,569.6,558.57,34904250
VN30-IDX,20140806,562.6,551.84,568.44,551.84,37768410
VN30-IDX,20140805,547.31,535.59,547.31,535.59,23302400
VN30-IDX,20140804,532.11,523.4,532.18,522.56,11320000
VN30-IDX,20140803,521.92,521.71,526.33,519.32,12905400
VN30-IDX,20140802,521.19,530.91,530.91,518.93,17301730
VN30-IDX,20140801,527.89,534.72,536.81,527.89,12761250
VN30-IDX,20140731,534.97,538.35,539.66,529.51,30352710
VN30-IDX,20140730,537.75,545.87,547.46,537.75,31723670
VN30-IDX,20140729,546.34,544.32,552.11,543.73,30711880
VN30-IDX,20140728,542.73,538.37,542.73,535.59,29523420
VN30-IDX,20140727,537.42,538.43,542.23,533.41,27779640
VN30-IDX,20140726,545.72,556.64,556.64,545.24,31774120
VN30-IDX,20140725,545.8,530.1,545.8,526.32,38527310
VN30-IDX,20140724,531.52,534.18,539.75,521.64,61607930
VN30-IDX,20140723,525.36,512.41,525.36,511.64,65840432
VN30-IDX,20140722,509.18,500.58,509.61,498.54,26031020
VN30-IDX,20140721,498.31,489.71,499.85,487.95,21387780
VN30-IDX,20140720,491.34,490.58,492.34,483.84,35219262
VN30-IDX,20140719,490.82,486.41,492.29,485.37,22641550
VN30-IDX,20140718,485.38,480.73,485.38,477.55,16518080
VN30-IDX,20140717,480.85,476.18,482.15,476.18,23956110
VN30-IDX,20140716,475.93,466.79,475.93,465.15,20414860
VN30-IDX,20140715,469.15,468.95,469.24,464.72,16208120
VN30-IDX,20140714,466.99,465.23,468.47,463.57,14118970
VN30-IDX,20140713,465.24,466,468.9,460.44,34060170
VN30-IDX,20140712,468.32,467.38,469.75,465.72,48910265
VN30-IDX,20140711,467.12,463.08,467.12,462.36,31201120
VN30-IDX,20140710,460.42,465.23,465.23,459.38,23063830
VN30-IDX,20140709,462.25,459.33,464.62,459.33,40346283
VN30-IDX,20140708,460.74,459.53,463,459.53,15354895
VN30-IDX,20140707,457.83,458.6,461.12,456.8,16252056
VN30-IDX,20140706,457.64,454.59,460.78,452.14,17581580
VN30-IDX,20140705,455.9,453.05,455.9,452.45,16615650
VN30-IDX,20140704,453.69,451.46,454.42,449.8,18103810
VN30-IDX,20140703,449.81,452.51,452.56,449.81,11901051
VN30-IDX,20140702,451.72,451.26,452.34,449.84,8336480
VN30-IDX,20140701,451.61,449.13,453.64,448.98,14725600
VN30-IDX,20140630,448.02,445.47,448.09,444.34,11922225
VN30-IDX,20140629,445.72,443.6,445.72,440.39,10887180
VN30-IDX,20140628,443.68,445.16,446.64,442.68,9187387
VN30-IDX,20140627,444.27,442.57,444.66,442.16,12924450
VN30-IDX,20140626,441.49,442.51,443.5,439.32,13739050
VN30-IDX,20140625,443.68,444.89,445.77,442.47,7346459
VN30-IDX,20140624,445.17,450.54,450.64,444.54,7478590
VN30-IDX,20140623,449.73,452.71,452.71,449.09,9467286
VN30-IDX,20140622,452.24,451.76,453.43,450.94,5049270
VN30-IDX,20140621,452.87,454.57,456.43,451.55,10760074
VN30-IDX,20140620,455.1,452.12,455.66,450.4,10853260
VN30-IDX,20140619,452.36,454.63,455.92,451.04,10167156
VN30-IDX,20140618,455.67,454.82,455.79,452.1,7725610
VN30-IDX,20140617,457.08,460.72,461.97,456.35,13101890
VN30-IDX,20140616,458.21,454.09,459.86,453.77,9879190
VN30-IDX,20140615,455.08,457.5,458.65,455.08,10369580
VN30-IDX,20140614,460.56,455.92,460.64,455.92,21012810
VN30-IDX,20140613,457.23,456.07,457.23,453.2,12601850
VN30-IDX,20140612,455.78,449.12,455.78,448.46,12214910
VN30-IDX,20140611,450.83,447.42,451.4,444.53,15100920
VN30-IDX,20140610,446.63,446.05,449.31,443.86,33152701
VN30-IDX,20140609,446.51,437.29,446.51,437.16,12484210
VN30-IDX,20140608,441.9,452.83,452.83,441.42,23995640
VN30-IDX,20140607,458.06,458.3,460.76,458.06,33147894
VN30-IDX,20140606,458.56,458.41,460.57,456.38,44087602
VN30-IDX,20140605,459.04,460.91,462.71,459.04,8540080
VN30-IDX,20140604,461.03,460.57,463.25,459.7,17754511
VN30-IDX,20140603,462.16,459.43,463.94,459.43,7502320
VN30-IDX,20140602,459.93,464.31,464.81,459.23,22838400
VN30-IDX,20140601,466.62,470.13,470.57,466.32,17251038
VN30-IDX,20140531,469.82,470.51,470.99,467.59,25299190
VN30-IDX,20140530,469.39,470.72,470.94,466.48,25756720
VN30-IDX,20140529,471.26,472.87,474.49,466.45,22773140
VN30-IDX,20140528,471.96,467.79,472.31,467.39,17550860
VN30-IDX,20140527,469.39,472.05,473.67,468.03,35592860
VN30-IDX,20140526,471.68,461.63,471.68,461.63,17691713
VN30-IDX,20140525,461.34,459.57,462.82,459.56,15465100
VN30-IDX,20140524,460.18,461.09,463.07,459.95,34944870
VN30-IDX,20140523,461.28,462.4,465.24,461.28,18699460
VN30-IDX,20140522,461.71,459.94,461.71,459.47,15860330
VN30-IDX,20140521,460.09,461.06,462.51,458.47,17391771
VN30-IDX,20140520,460.26,452.48,460.26,452.48,16699543
VN30-IDX,20140519,453.2,450.44,453.2,449.6,14042170
VN30-IDX,20140518,449.62,450.48,451.57,448.16,10439755
VN30-IDX,20140517,450.44,450.53,452.59,447.35,20723320
VN30-IDX,20140516,448.97,451.23,452.25,448.65,12940320
VN30-IDX,20140515,451.55,454.82,455.27,451,12920973
VN30-IDX,20140514,456.48,456.62,458.35,454.68,22096826
VN30-IDX,20140513,458.38,461.86,462.85,455.39,10828260
VN30-IDX,20140512,460.23,457.7,463.75,457.63,10165470
VN30-IDX,20140511,456.52,455.25,459.1,453.52,11412115
VN30-IDX,20140510,454.52,455.45,457.93,453.84,13352620
VN30-IDX,20140509,457.53,452.28,457.53,452.28,82246184
VN30-IDX,20140508,449.66,453.89,454.71,445.4,37046550
VN30-IDX,20140507,457.13,454.24,460.94,454.24,24366030
VN30-IDX,20140506,460.44,470.13,473.64,459.26,19605980
VN30-IDX,20140505,468.32,464.18,472.47,464.18,18886263
VN30-IDX,20140504,463.9,463.13,465.92,460.16,21219480
VN30-IDX,20140503,456.11,453.87,456.11,452.35,19654660
VN30-IDX,20140502,453.96,454.05,457.49,452.75,14068630
VN30-IDX,20140501,453.39,449.61,453.99,449.61,13573990
VN30-IDX,20140430,455.59,463.93,464.54,452.63,20856980
VN30-IDX,20140429,465.94,463.95,467.26,462.41,14650740
VN30-IDX,20140428,463.63,466.77,469.31,463.63,14996831
VN30-IDX,20140427,469.46,473.43,476,466.06,21481354
VN30-IDX,20140426,472.78,466.59,474.91,466.57,13689123
VN30-IDX,20140425,465.29,465.35,468.25,463.1,12599480
VN30-IDX,20140424,465.42,460.61,468.59,460.61,15495713
VN30-IDX,20140423,459.64,457.34,463,457.34,17132523
VN30-IDX,20140422,454.1,449.05,454.98,446.83,16318390
VN30-IDX,20140421,456.32,468,468,454.84,20421540
VN30-IDX,20140420,472.75,448.65,475.38,446.06,39164418
VN30-IDX,20140419,464.83,472.82,472.85,463.11,23065381
VN30-IDX,20140418,486.32,480.87,489.9,480.58,31456080
VN30-IDX,20140417,496.39,510.61,510.61,495.59,31535160
VN30-IDX,20140416,521.28,517.47,521.75,516.62,22764002
VN30-IDX,20140415,515.55,514.66,517.09,513.46,14760811
VN30-IDX,20140414,514.47,516.93,518.84,513.08,9640594
VN30-IDX,20140413,516.05,513.83,517.67,513.83,19375360
VN30-IDX,20140412,513.36,509.76,514.8,507.73,34596060
VN30-IDX,20140411,508.99,505.83,508.99,504.37,10006822
VN30-IDX,20140410,506.6,509.28,509.28,505.8,14121243
VN30-IDX,20140409,508.58,504.91,509.11,504.87,15448896
VN30-IDX,20140408,503.74,501.7,503.99,500.44,7995210
VN30-IDX,20140407,502.07,503.36,505.72,502.07,9950950
VN30-IDX,20140406,502.97,497.9,504.01,497.9,16339625
VN30-IDX,20140405,497.38,496.32,498.49,495.95,7783430
VN30-IDX,20140404,494.12,493.82,495.69,493.17,7778700
VN30-IDX,20140403,489.76,491,491.26,488.26,10291410
VN30-IDX,20140402,491.98,491.86,493.76,491.15,8536950
VN30-IDX,20140401,492.29,487.18,492.8,486.57,11424000
VN30-IDX,20140331,489.61,492.91,493.88,488.47,15204506
VN30-IDX,20140330,490.78,488.89,492.65,488.62,11938838
VN30-IDX,20140329,488.37,488.16,491.43,487.62,17137727
VN30-IDX,20140328,491.34,494.3,495.23,489.25,16067060
VN30-IDX,20140327,495.86,496.65,500.33,495.08,17214250
VN30-IDX,20140326,497.43,507.48,507.98,497.43,31105509
VN30-IDX,20140325,502.6,494.22,502.6,493.03,35508800
VN30-IDX,20140324,494.11,493.34,495.61,491.73,22765645
VN30-IDX,20140323,493.04,484.62,493.42,484.62,23307399
VN30-IDX,20140322,488.63,493.47,494.06,488.08,10562920
VN30-IDX,20140321,492.36,484.56,492.44,484.56,16840230
VN30-IDX,20140320,483.12,481.63,483.68,481.57,25305843
VN30-IDX,20140319,481.57,479.15,482.81,479.15,8113340
VN30-IDX,20140318,479.58,482.21,484.13,479.58,10083070
VN30-IDX,20140317,482.49,487.75,488.99,482.03,10961650
VN30-IDX,20140316,490.64,489.41,493.74,488.99,13401270
VN30-IDX,20140315,488.82,485.27,488.82,483.75,10278700
VN30-IDX,20140314,485.42,487.69,490.86,485.42,8639000
VN30-IDX,20140313,486.95,489.92,491,485.18,16232870
VN30-IDX,20140312,492.66,496.45,498.47,491.33,13048800
VN30-IDX,20140311,497.73,494.03,497.73,492.48,31279073
VN30-IDX,20140310,491.71,492.5,493.38,489.93,14827261
VN30-IDX,20140309,492.77,494.63,497.29,492.72,15938599
VN30-IDX,20140308,493.73,496.72,496.72,492.34,19230090
VN30-IDX,20140307,498.09,499.37,503.58,496.43,30421170
VN30-IDX,20140306,500.34,503.97,504.21,499.4,17793229
VN30-IDX,20140305,504.71,504.85,507.84,504.52,17311290
VN30-IDX,20140304,508.23,507.23,510.37,504.02,12721510
VN30-IDX,20140303,506.67,508.37,510.6,505.02,24154241
VN30-IDX,20140302,510.81,512.47,512.58,508.64,24394912
VN30-IDX,20140301,507.94,500.65,509.25,500.65,43243730
VN30-IDX,20140228,500.24,500.82,504.1,498.63,21665892
VN30-IDX,20140227,504.19,507.6,507.6,503.16,54256623
VN30-IDX,20140226,506.49,508.64,509.72,505.27,17563506
VN30-IDX,20140225,509.99,508.09,512.94,506.52,33257769
VN30-IDX,20140224,508.15,511.07,515.88,508.15,24169979
VN30-IDX,20140223,509.41,508.56,512.97,506.39,26371010
VN30-IDX,20140222,504.11,498.66,504.99,498.48,59818755
VN30-IDX,20140221,498.02,490.63,498.02,490.63,69414862
VN30-IDX,20140220,492.89,503.83,504.28,492.89,101405290
VN30-IDX,20140219,505.65,509.06,509.52,504.6,38844800
VN30-IDX,20140218,507.07,508.92,511.69,506.35,12845910
VN30-IDX,20140217,513.38,513.62,516.15,511.63,16558892
VN30-IDX,20140216,510.81,510.47,512.33,508.55,13002703
VN30-IDX,20140215,513.44,521.46,521.47,511.33,18860300
VN30-IDX,20140214,514.27,507.43,514.59,507.43,32964501
VN30-IDX,20140213,501.58,504.2,509.76,499.93,20637310
VN30-IDX,20140212,508.45,514.66,514.66,508.35,23842983
VN30-IDX,20140211,516.86,520.69,523.83,515.12,34206970
VN30-IDX,20140210,518.86,507.94,518.93,507.94,18087624
VN30-IDX,20140209,504.61,510.7,510.7,500.21,30905830
VN30-IDX,20140208,513.46,519.78,524.08,513.46,20806370
VN30-IDX,20140207,519.7,522.7,527.27,516.04,25248360
VN30-IDX,20140206,522.9,533.01,535.84,522.9,33520609
VN30-IDX,20140205,536.35,546.27,549.75,536.25,49299294
VN30-IDX,20140204,547.94,554.92,557.15,547.87,25679750
VN30-IDX,20140203,554.74,559.31,561.53,551.62,40035280
VN30-IDX,20140202,557.35,557.2,560.55,554.42,26927770
VN30-IDX,20140201,557.02,554.29,561.45,552.53,40418681
VN30-IDX,20140131,552.3,547.61,552.54,546.4,28487850
VN30-IDX,20140130,542.5,536.81,545.21,536.81,32884840
VN30-IDX,20140129,536.1,539.04,541.83,532.05,25484791
VN30-IDX,20140128,539.72,544.13,545.52,537.51,25698490
VN30-IDX,20140127,541.2,541.77,542.85,538.19,21069100
VN30-IDX,20140126,538.1,542.53,544.68,538.06,26614551
VN30-IDX,20140125,542.78,541.69,543.73,540.02,26670110
VN30-IDX,20140124,534.89,534.82,536,528.69,36901909
VN30-IDX,20140123,533.6,535.39,538.98,533.5,19755622
VN30-IDX,20140122,533.74,535.44,539.82,533.37,42513448
VN30-IDX,20140121,533.68,539.07,542.43,532.9,52340803
VN30-IDX,20140120,541.6,544.76,551.52,540.85,59020130
VN30-IDX,20140119,544.13,542.21,546.98,538.91,52674007
VN30-IDX,20140118,539.17,533.23,535.33,530.48,29367870
VN30-IDX,20140117,532.3,540.29,540.68,532.3,41678070
VN30-IDX,20140116,537.28,531.24,540.43,530.07,42218720
VN30-IDX,20140115,527.63,523.17,527.63,519.55,38366734
VN30-IDX,20140114,517.4,516.42,521.09,514.56,32329818
VN30-IDX,20140113,515.64,516.64,517.75,513.8,23471970
VN30-IDX,20140112,511.51,510.45,515.13,509.25,48736760
VN30-IDX,20140111,507.35,499.29,508.26,498.44,27507094
VN30-IDX,20140110,500.28,507.11,507.78,500.28,16010040
VN30-IDX,20140109,505.77,499.97,506.73,499.65,21350169
VN30-IDX,20140108,500.07,501.93,503.36,496.99,19547270
VN30-IDX,20140107,498.48,507.21,507.59,502.54,25510650
VN30-IDX,20140106,504.54,499.74,505.33,493.89,24629550
VN30-IDX,20140105,502.41,514.7,515.73,502.41,35145910
VN30-IDX,20140104,517.27,517.61,518.09,509.49,29033600
VN30-IDX,20140103,512.84,508.04,511.28,507.97,26849750
VN30-IDX,20140102,505.54,503.84,509.78,503.84,27815150
VN30-IDX,20140101,506.8,505.63,512.9,504.76,35976080
VN30-IDX,20131231,501.29,494.24,500.77,494.24,24087151
VN30-IDX,20131230,497.22,498.03,500.61,496.82,24270550
VN30-IDX,20131229,502.82,489.49,502.82,486.57,52359080
VN30-IDX,20131228,491.23,493.22,493.22,489.36,24759814
VN30-IDX,20131227,486.42,485.49,490.9,482.87,23032440
VN30-IDX,20131226,487.03,485,485,485,12468280
VN30-IDX,20131225,489.05,495.63,503.39,494.47,29859440
VN30-IDX,20131224,505.9,500.2,506.49,494.59,38082410
VN30-IDX,20131223,508.41,534.73,538.98,507.2,48176720
VN30-IDX,20131222,503.54,495.69,503.74,495.45,30746560
VN30-IDX,20131221,491.01,488.36,488.36,485.55,47848193
VN30-IDX,20131220,485.18,479.93,483.19,478.85,71676480
VN30-IDX,20131219,480.89,487.72,489.94,479.53,63583438
VN30-IDX,20131218,485.85,477.83,485.81,477.83,25795020
VN30-IDX,20131217,477.77,478.71,483.72,476.78,34210990
VN30-IDX,20131216,476.4,471.09,476.4,467.88,29349270
VN30-IDX,20131215,470.97,460.85,470.97,460.85,24397900
VN30-IDX,20131214,462.27,465.01,465.01,462.27,26950870
VN30-IDX,20131213,465.44,459.4,465.44,459.17,22655020
VN30-IDX,20131212,451.22,451.22,451.22,451.22,18027870
VN30-IDX,20131211,443.54,439.63,445.37,439.63,18843258
VN30-IDX,20131210,446.08,445.37,446.08,443.1,16124541
VN30-IDX,20131209,450.22,447.79,450.22,447.79,17790050
VN30-IDX,20131208,446.23,457.37,457.37,446.23,16144770
VN30-IDX,20131207,458.23,464.25,464.25,456.52,23972730
VN30-IDX,20131206,464.73,467.18,467.18,461.49,27276577
VN30-IDX,20131205,460.98,452.13,460.98,450,22068580
VN30-IDX,20131204,449.31,448.37,450.13,443.38,20244966
VN30-IDX,20131203,447.47,449.38,449.38,441.6,13467070
